month;GPR;GPRHC_BEL;GPRHC_BRA;GPRHC_CHL;GPRHC_CHN;GPRHC_COL;GPRHC_DEU;GPRHC_DNK;GPRHC_EGY;GPRHC_ESP;GPRHC_FIN;GPRHC_FRA;GPRHC_IDN;GPRHC_IND;GPRHC_ITA;GPRHC_JPN;GPRHC_KOR;GPRHC_MEX;GPRHC_MYS;GPRHC_NLD;GPRHC_PER;GPRHC_PHL;GPRHC_POL;GPRHC_PRT;GPRHC_SAU;GPRHC_SWE;GPRHC_THA;GPRHC_TUR;GPRHC_TWN;GPRHC_USA;GPRHC_VNM;GPRHC_ZAF
01/01/1985;102,17;0,21;0,05;0,03;0,19;0,05;0,36;0,01;0,10;0,07;0,10;0,34;0,01;0,18;0,12;0,14;0,11;0,07;0,00;0,14;0,05;0,09;0,08;0,09;0,05;0,06;0,26;0,03;0,04;2,94;0,41;0,22
01/02/1985;117,10;0,25;0,03;0,05;0,21;0,09;0,52;0,04;0,11;0,16;0,02;0,61;0,05;0,17;0,22;0,22;0,17;0,14;0,04;0,09;0,10;0,10;0,13;0,14;0,11;0,04;0,20;0,03;0,00;3,34;0,34;0,11
01/03/1985;124,78;0,11;0,02;0,08;0,13;0,05;0,30;0,01;0,16;0,12;0,04;0,32;0,00;0,26;0,16;0,17;0,05;0,12;0,02;0,08;0,05;0,03;0,09;0,02;0,11;0,01;0,18;0,08;0,00;3,43;0,31;0,13
01/04/1985;87,93;0,06;0,04;0,04;0,20;0,09;0,42;0,00;0,12;0,09;0,01;0,23;0,02;0,16;0,14;0,17;0,06;0,14;0,00;0,07;0,03;0,03;0,10;0,01;0,11;0,04;0,05;0,08;0,02;2,40;0,21;0,09
01/05/1985;103,26;0,12;0,10;0,07;0,14;0,07;0,48;0,02;0,06;0,18;0,04;0,43;0,02;0,26;0,18;0,21;0,09;0,16;0,02;0,07;0,06;0,04;0,11;0,06;0,11;0,07;0,05;0,03;0,01;2,75;0,20;0,20
01/06/1985;148,78;0,05;0,04;0,08;0,10;0,05;0,44;0,00;0,18;0,17;0,13;0,78;0,01;0,56;0,48;0,19;0,09;0,14;0,01;0,06;0,02;0,06;0,11;0,05;0,10;0,05;0,01;0,06;0,01;4,52;0,14;0,28
01/07/1985;133,91;0,07;0,04;0,02;0,19;0,02;0,51;0,06;0,13;0,20;0,06;0,59;0,02;0,52;0,35;0,24;0,20;0,06;0,05;0,07;0,04;0,09;0,09;0,07;0,09;0,07;0,07;0,12;0,02;3,80;0,21;0,37
01/08/1985;82,78;0,04;0,05;0,05;0,17;0,04;0,13;0,00;0,08;0,12;0,02;0,33;0,01;0,30;0,05;0,15;0,04;0,06;0,01;0,04;0,05;0,07;0,04;0,05;0,04;0,04;0,07;0,06;0,02;2,18;0,14;0,44
01/09/1985;102,43;0,04;0,07;0,01;0,15;0,04;0,30;0,09;0,08;0,10;0,03;0,45;0,02;0,30;0,16;0,23;0,10;0,16;0,02;0,09;0,06;0,03;0,08;0,09;0,09;0,04;0,09;0,04;0,04;2,88;0,15;0,60
01/10/1985;105,99;0,11;0,04;0,02;0,16;0,00;0,38;0,02;0,76;0,10;0,03;0,69;0,00;0,18;0,82;0,16;0,07;0,07;0,01;0,12;0,02;0,11;0,09;0,09;0,10;0,07;0,04;0,06;0,02;3,23;0,16;0,27
01/11/1985;94,85;0,12;0,03;0,02;0,09;0,10;0,34;0,02;0,41;0,07;0,12;0,59;0,01;0,11;0,35;0,12;0,09;0,07;0,00;0,10;0,03;0,07;0,11;0,04;0,09;0,03;0,02;0,07;0,00;2,93;0,10;0,21
01/12/1985;96,42;0,17;0,03;0,03;0,22;0,14;0,36;0,01;0,34;0,18;0,01;0,40;0,00;0,18;0,58;0,13;0,06;0,16;0,02;0,07;0,05;0,04;0,10;0,04;0,07;0,06;0,03;0,08;0,02;2,71;0,09;0,30
01/01/1986;135,36;0,19;0,03;0,03;0,10;0,04;0,52;0,06;0,39;0,31;0,02;0,72;0,01;0,31;1,46;0,18;0,09;0,10;0,01;0,19;0,03;0,06;0,08;0,09;0,10;0,09;0,04;0,08;0,00;3,55;0,14;0,42
01/02/1986;98,75;0,04;0,02;0,04;0,10;0,05;0,27;0,01;0,14;0,15;0,03;0,57;0,05;0,20;0,23;0,23;0,10;0,05;0,03;0,02;0,11;0,43;0,05;0,06;0,13;0,03;0,03;0,04;0,02;2,66;0,12;0,11
01/03/1986;98,68;0,05;0,07;0,02;0,08;0,10;0,28;0,02;0,18;0,16;0,02;0,53;0,00;0,27;0,51;0,13;0,07;0,10;0,00;0,04;0,07;0,30;0,07;0,08;0,14;0,08;0,06;0,14;0,00;2,77;0,21;0,14
01/04/1986;148,31;0,16;0,03;0,07;0,15;0,10;1,60;0,10;0,52;0,40;0,04;1,43;0,09;0,38;1,30;0,44;0,17;0,15;0,04;0,21;0,08;0,31;0,11;0,10;0,33;0,12;0,10;0,47;0,01;4,76;0,33;0,20
01/05/1986;117,39;0,07;0,03;0,04;0,09;0,14;0,63;0,06;0,19;0,13;0,02;0,58;0,06;0,20;0,47;0,56;0,10;0,18;0,05;0,14;0,04;0,08;0,08;0,05;0,17;0,08;0,08;0,15;0,03;3,15;0,08;0,30
01/06/1986;96,29;0,02;0,03;0,01;0,09;0,07;0,37;0,03;0,05;0,11;0,03;0,35;0,00;0,22;0,20;0,17;0,07;0,14;0,00;0,03;0,14;0,10;0,13;0,03;0,10;0,04;0,03;0,09;0,01;2,51;0,07;0,41
01/07/1986;94,70;0,08;0,01;0,11;0,08;0,09;0,36;0,04;0,05;0,14;0,03;0,44;0,03;0,24;0,19;0,14;0,08;0,12;0,04;0,09;0,06;0,16;0,10;0,10;0,04;0,02;0,04;0,07;0,00;2,65;0,07;0,60
01/08/1986;103,35;0,12;0,02;0,05;0,15;0,06;0,38;0,03;0,25;0,14;0,09;0,40;0,03;0,37;0,18;0,26;0,09;0,16;0,01;0,08;0,03;0,11;0,06;0,07;0,06;0,16;0,04;0,07;0,01;2,82;0,08;0,64
01/09/1986;117,11;0,10;0,10;0,08;0,10;0,02;0,50;0,04;0,22;0,18;0,10;1,05;0,08;0,25;0,40;0,23;0,07;0,10;0,02;0,11;0,07;0,20;0,20;0,05;0,08;0,21;0,03;0,29;0,03;3,27;0,12;0,49
01/10/1986;96,79;0,12;0,02;0,02;0,22;0,03;0,39;0,03;0,10;0,12;0,04;0,58;0,01;0,22;0,18;0,18;0,09;0,10;0,01;0,02;0,06;0,17;0,14;0,10;0,06;0,07;0,04;0,07;0,01;3,09;0,10;0,38
01/11/1986;109,77;0,07;0,05;0,03;0,20;0,03;0,43;0,09;0,12;0,11;0,12;0,70;0,02;0,25;0,25;0,31;0,19;0,05;0,02;0,07;0,04;0,32;0,14;0,08;0,19;0,07;0,03;0,14;0,05;3,21;0,07;0,26
01/12/1986;89,75;0,16;0,11;0,03;0,13;0,01;0,31;0,03;0,09;0,15;0,02;0,57;0,01;0,33;0,19;0,15;0,09;0,06;0,00;0,06;0,03;0,10;0,06;0,11;0,12;0,09;0,03;0,09;0,01;2,66;0,12;0,30
01/01/1987;96,94;0,03;0,00;0,03;0,07;0,01;0,31;0,01;0,10;0,09;0,01;0,37;0,00;0,36;0,17;0,13;0,06;0,03;0,00;0,05;0,04;0,21;0,07;0,06;0,18;0,01;0,04;0,06;0,02;2,71;0,07;0,20
01/02/1987;100,68;0,08;0,02;0,02;0,09;0,03;0,37;0,04;0,11;0,10;0,02;0,46;0,01;0,41;0,20;0,18;0,06;0,07;0,01;0,05;0,02;0,25;0,08;0,05;0,16;0,04;0,03;0,06;0,01;2,77;0,09;0,21
01/03/1987;89,61;0,15;0,03;0,02;0,09;0,02;0,45;0,03;0,08;0,07;0,04;0,46;0,00;0,16;0,15;0,12;0,03;0,07;0,01;0,08;0,03;0,14;0,12;0,03;0,04;0,02;0,01;0,13;0,01;2,38;0,06;0,20
01/04/1987;113,39;0,19;0,09;0,08;0,14;0,01;0,59;0,04;0,14;0,09;0,07;0,53;0,04;0,33;0,31;0,40;0,15;0,04;0,02;0,13;0,10;0,16;0,27;0,03;0,06;0,03;0,02;0,06;0,06;3,15;0,05;0,20
01/05/1987;98,65;0,16;0,01;0,08;0,29;0,01;0,45;0,03;0,09;0,08;0,02;0,49;0,03;0,38;0,13;0,30;0,07;0,09;0,01;0,04;0,03;0,06;0,19;0,04;0,18;0,04;0,04;0,02;0,01;2,76;0,13;0,10
01/06/1987;94,18;0,08;0,06;0,03;0,36;0,02;0,63;0,03;0,07;0,06;0,03;0,52;0,01;0,36;0,23;0,25;0,22;0,06;0,00;0,05;0,02;0,09;0,24;0,06;0,14;0,05;0,02;0,07;0,02;2,56;0,09;0,12
01/07/1987;98,87;0,07;0,01;0,03;0,26;0,01;0,32;0,02;0,04;0,08;0,02;0,70;0,02;0,32;0,14;0,24;0,13;0,04;0,00;0,05;0,00;0,10;0,09;0,06;0,18;0,03;0,02;0,07;0,00;2,79;0,13;0,17
01/08/1987;99,97;0,01;0,07;0,03;0,22;0,04;0,53;0,02;0,08;0,07;0,03;0,51;0,04;0,35;0,19;0,25;0,12;0,10;0,02;0,10;0,07;0,34;0,05;0,07;0,47;0,14;0,01;0,10;0,03;2,96;0,14;0,16
01/09/1987;121,17;0,12;0,04;0,03;0,42;0,01;0,53;0,01;0,09;0,09;0,02;0,61;0,02;0,28;0,26;0,29;0,10;0,07;0,00;0,11;0,05;0,33;0,12;0,04;0,30;0,03;0,01;0,08;0,02;3,45;0,14;0,15
01/10/1987;101,06;0,11;0,05;0,04;0,24;0,01;0,25;0,02;0,11;0,11;0,04;0,32;0,01;0,53;0,11;0,24;0,11;0,06;0,02;0,08;0,03;0,14;0,10;0,02;0,29;0,04;0,03;0,03;0,01;2,74;0,16;0,20
01/11/1987;96,15;0,12;0,08;0,02;0,11;0,03;0,32;0,01;0,14;0,14;0,01;0,37;0,03;0,20;0,14;0,26;0,16;0,10;0,01;0,09;0,03;0,09;0,10;0,06;0,17;0,01;0,07;0,03;0,01;2,78;0,11;0,14
01/12/1987;109,86;0,17;0,01;0,03;0,21;0,00;0,44;0,07;0,14;0,11;0,06;0,55;0,08;0,10;0,22;0,25;0,12;0,09;0,03;0,10;0,01;0,12;0,25;0,03;0,17;0,04;0,06;0,03;0,01;3,29;0,11;0,10
01/01/1988;83,20;0,09;0,03;0,02;0,17;0,03;0,31;0,01;0,15;0,12;0,00;0,40;0,01;0,11;0,14;0,17;0,15;0,03;0,00;0,05;0,02;0,12;0,17;0,10;0,15;0,04;0,03;0,10;0,00;2,34;0,15;0,10
01/02/1988;86,21;0,13;0,02;0,03;0,13;0,14;0,34;0,02;0,07;0,09;0,04;0,28;0,00;0,10;0,07;0,10;0,06;0,08;0,01;0,05;0,04;0,06;0,20;0,02;0,09;0,04;0,00;0,09;0,02;2,46;0,09;0,14
01/03/1988;110,21;0,19;0,04;0,02;0,31;0,03;0,37;0,01;0,23;0,23;0,05;0,33;0,00;0,16;0,12;0,22;0,05;0,14;0,01;0,07;0,03;0,10;0,15;0,02;0,18;0,04;0,01;0,06;0,06;3,13;0,09;0,07
01/04/1988;119,45;0,07;0,04;0,03;0,34;0,04;0,20;0,10;0,18;0,12;0,05;0,62;0,01;0,18;0,15;0,24;0,04;0,08;0,01;0,04;0,08;0,09;0,03;0,01;0,27;0,02;0,34;0,09;0,04;3,30;0,15;0,16
01/05/1988;104,87;0,07;0,03;0,00;0,24;0,07;0,29;0,07;0,06;0,13;0,13;0,31;0,01;0,40;0,07;0,19;0,13;0,06;0,01;0,04;0,08;0,11;0,15;0,04;0,11;0,03;0,03;0,04;0,03;2,97;0,12;0,17
01/06/1988;79,71;0,03;0,02;0,00;0,12;0,04;0,24;0,01;0,11;0,11;0,04;0,28;0,00;0,14;0,17;0,15;0,10;0,05;0,00;0,01;0,01;0,10;0,18;0,02;0,08;0,02;0,00;0,07;0,03;2,15;0,06;0,19
01/07/1988;83,43;0,06;0,10;0,01;0,21;0,02;0,25;0,04;0,14;0,06;0,05;0,37;0,15;0,16;0,17;0,15;0,08;0,07;0,04;0,01;0,02;0,05;0,08;0,04;0,12;0,05;0,07;0,06;0,01;2,30;0,17;0,11
01/08/1988;84,05;0,04;0,04;0,01;0,15;0,02;0,22;0,00;0,10;0,05;0,02;0,17;0,01;0,19;0,06;0,10;0,05;0,06;0,01;0,04;0,06;0,01;0,05;0,06;0,11;0,04;0,00;0,07;0,01;2,38;0,08;0,33
01/09/1988;74,84;0,03;0,04;0,03;0,15;0,00;0,22;0,01;0,09;0,09;0,03;0,29;0,03;0,16;0,12;0,16;0,09;0,07;0,02;0,02;0,02;0,03;0,11;0,05;0,11;0,03;0,09;0,26;0,00;2,23;0,10;0,28
01/10/1988;73,45;0,04;0,02;0,08;0,15;0,03;0,18;0,00;0,09;0,08;0,02;0,20;0,02;0,17;0,09;0,16;0,06;0,07;0,02;0,05;0,05;0,07;0,08;0,00;0,06;0,03;0,03;0,03;0,01;2,08;0,10;0,16
01/11/1988;68,80;0,03;0,04;0,04;0,12;0,04;0,24;0,00;0,09;0,05;0,07;0,30;0,02;0,17;0,10;0,08;0,06;0,08;0,00;0,00;0,04;0,03;0,07;0,00;0,07;0,01;0,03;0,04;0,02;1,92;0,12;0,10
01/12/1988;90,40;0,11;0,05;0,02;0,13;0,03;0,34;0,03;0,15;0,05;0,07;0,23;0,00;0,13;0,17;0,13;0,08;0,12;0,00;0,03;0,00;0,02;0,14;0,02;0,08;0,06;0,03;0,08;0,00;2,38;0,13;0,06
01/01/1989;89,25;0,05;0,06;0,00;0,16;0,03;0,51;0,02;0,17;0,08;0,04;0,49;0,02;0,23;0,16;0,15;0,10;0,06;0,00;0,06;0,04;0,07;0,15;0,04;0,05;0,03;0,09;0,04;0,02;2,60;0,21;0,16
01/02/1989;91,62;0,07;0,05;0,04;0,16;0,03;0,47;0,04;0,14;0,09;0,02;0,22;0,03;0,15;0,16;0,14;0,04;0,11;0,02;0,04;0,05;0,06;0,12;0,08;0,02;0,02;0,02;0,07;0,02;2,89;0,12;0,15
01/03/1989;87,73;0,02;0,08;0,04;0,12;0,06;0,32;0,00;0,20;0,06;0,03;0,19;0,01;0,07;0,09;0,13;0,05;0,11;0,00;0,05;0,04;0,00;0,11;0,01;0,16;0,03;0,02;0,03;0,02;2,58;0,05;0,10
01/04/1989;83,58;0,16;0,07;0,03;0,14;0,02;0,36;0,01;0,08;0,04;0,06;0,34;0,03;0,12;0,07;0,11;0,07;0,04;0,02;0,04;0,02;0,04;0,13;0,02;0,05;0,03;0,04;0,03;0,01;2,45;0,10;0,24
01/05/1989;103,83;0,37;0,08;0,00;0,45;0,03;0,93;0,06;0,11;0,07;0,04;0,52;0,02;0,19;0,23;0,23;0,11;0,10;0,02;0,16;0,07;0,04;0,33;0,03;0,07;0,02;0,01;0,02;0,03;3,09;0,11;0,13
01/06/1989;89,46;0,17;0,03;0,00;0,91;0,03;0,46;0,03;0,06;0,08;0,00;0,27;0,01;0,18;0,05;0,21;0,09;0,13;0,02;0,04;0,03;0,06;0,24;0,02;0,05;0,03;0,04;0,03;0,04;2,69;0,05;0,12
01/07/1989;84,75;0,09;0,04;0,01;0,37;0,02;0,32;0,00;0,07;0,05;0,04;0,43;0,04;0,10;0,10;0,17;0,10;0,10;0,04;0,04;0,05;0,06;0,31;0,03;0,04;0,06;0,07;0,02;0,01;2,49;0,12;0,07
01/08/1989;109,18;0,06;0,01;0,01;0,21;0,15;0,15;0,00;0,15;0,05;0,00;0,52;0,05;0,16;0,09;0,17;0,08;0,07;0,01;0,07;0,07;0,03;0,16;0,07;0,13;0,04;0,05;0,07;0,01;3,27;0,12;0,13
01/09/1989;85,55;0,05;0,03;0,04;0,18;0,30;0,17;0,01;0,05;0,09;0,01;0,46;0,03;0,06;0,09;0,12;0,05;0,10;0,03;0,03;0,09;0,05;0,22;0,02;0,21;0,02;0,08;0,02;0,01;2,54;0,15;0,05
01/10/1989;69,52;0,02;0,07;0,02;0,17;0,13;0,20;0,01;0,09;0,05;0,07;0,21;0,01;0,10;0,04;0,11;0,09;0,09;0,06;0,01;0,06;0,02;0,17;0,04;0,12;0,03;0,02;0,02;0,02;2,05;0,10;0,09
01/11/1989;92,83;0,06;0,04;0,02;0,23;0,16;0,42;0,01;0,07;0,10;0,04;0,36;0,02;0,12;0,08;0,10;0,04;0,16;0,01;0,03;0,12;0,01;0,31;0,02;0,21;0,03;0,03;0,06;0,00;2,93;0,12;0,16
01/12/1989;112,55;0,10;0,08;0,04;0,41;0,22;0,57;0,02;0,11;0,11;0,04;0,40;0,01;0,13;0,14;0,30;0,09;0,11;0,04;0,06;0,09;0,43;0,32;0,02;0,06;0,08;0,07;0,04;0,05;3,34;0,19;0,07
01/01/1990;81,54;0,03;0,01;0,01;0,25;0,18;0,17;0,00;0,08;0,08;0,01;0,39;0,02;0,17;0,08;0,12;0,03;0,13;0,00;0,02;0,20;0,09;0,19;0,02;0,04;0,03;0,07;0,15;0,01;2,46;0,13;0,07
01/02/1990;77,41;0,03;0,04;0,01;0,24;0,09;0,56;0,02;0,11;0,09;0,03;0,37;0,04;0,13;0,10;0,20;0,10;0,04;0,00;0,04;0,08;0,06;0,43;0,03;0,10;0,05;0,04;0,09;0,00;2,42;0,12;0,16
01/03/1990;67,59;0,03;0,05;0,06;0,12;0,05;0,32;0,00;0,08;0,08;0,02;0,26;0,01;0,10;0,08;0,14;0,04;0,07;0,01;0,02;0,08;0,08;0,25;0,01;0,07;0,01;0,03;0,06;0,01;2,04;0,02;0,16
01/04/1990;81,64;0,14;0,04;0,01;0,16;0,07;0,45;0,01;0,12;0,05;0,04;0,48;0,00;0,18;0,08;0,10;0,05;0,03;0,00;0,04;0,02;0,04;0,25;0,01;0,07;0,04;0,05;0,07;0,01;2,39;0,06;0,09
01/05/1990;86,41;0,23;0,03;0,02;0,18;0,04;0,80;0,02;0,11;0,06;0,00;0,54;0,01;0,19;0,14;0,12;0,07;0,06;0,02;0,08;0,02;0,05;0,46;0,01;0,09;0,04;0,04;0,05;0,02;2,73;0,06;0,06
01/06/1990;79,68;0,07;0,02;0,00;0,13;0,07;0,47;0,06;0,23;0,04;0,04;0,34;0,02;0,18;0,12;0,21;0,08;0,09;0,00;0,03;0,05;0,06;0,31;0,02;0,04;0,04;0,01;0,07;0,01;2,39;0,03;0,14
01/07/1990;85,79;0,13;0,05;0,02;0,24;0,09;0,59;0,00;0,12;0,11;0,00;0,50;0,07;0,09;0,15;0,25;0,05;0,05;0,06;0,05;0,03;0,09;0,39;0,02;0,09;0,01;0,07;0,06;0,03;2,49;0,15;0,12
01/08/1990;250,45;0,39;0,09;0,03;0,54;0,07;0,88;0,08;1,59;0,26;0,11;1,63;0,13;0,68;0,47;1,00;0,24;0,14;0,12;0,20;0,05;0,20;0,19;0,13;3,42;0,12;0,07;1,14;0,04;6,54;0,51;0,18
01/09/1990;188,66;0,22;0,10;0,02;0,28;0,04;0,91;0,04;1,10;0,12;0,58;1,11;0,03;0,45;0,39;0,84;0,28;0,06;0,02;0,15;0,02;0,18;0,20;0,07;2,26;0,10;0,04;0,75;0,03;4,94;0,35;0,09
01/10/1990;143,85;0,14;0,07;0,02;0,26;0,08;0,53;0,01;0,47;0,11;0,09;1,02;0,03;0,20;0,19;0,28;0,22;0,05;0,03;0,03;0,04;0,07;0,13;0,02;1,18;0,01;0,06;0,14;0,02;3,96;0,25;0,03
01/11/1990;158,74;0,17;0,04;0,02;0,53;0,17;0,61;0,04;0,65;0,05;0,12;1,06;0,01;0,22;0,20;0,39;0,10;0,07;0,08;0,04;0,05;0,01;0,20;0,04;1,68;0,04;0,04;0,25;0,00;4,44;0,43;0,04
01/12/1990;153,16;0,23;0,10;0,08;0,23;0,11;0,65;0,03;0,46;0,12;0,05;0,69;0,03;0,22;0,33;0,50;0,14;0,13;0,05;0,07;0,04;0,02;0,16;0,04;1,38;0,04;0,03;0,25;0,02;4,29;0,36;0,07
01/01/1991;379,25;0,22;0,05;0,04;0,20;0,12;1,10;0,06;0,93;0,20;0,10;1,78;0,03;0,29;0,68;0,77;0,22;0,13;0,01;0,17;0,03;0,16;0,15;0,03;2,97;0,05;0,06;0,73;0,03;8,43;0,90;0,10
01/02/1991;339,36;0,12;0,08;0,03;0,27;0,13;0,83;0,04;0,73;0,19;0,03;1,31;0,09;0,20;0,31;0,53;0,23;0,10;0,03;0,16;0,04;0,06;0,11;0,04;2,61;0,06;0,08;0,45;0,04;7,93;0,60;0,09
01/03/1991;148,62;0,09;0,11;0,02;0,25;0,08;0,54;0,02;0,59;0,05;0,03;0,79;0,01;0,19;0,24;0,32;0,06;0,06;0,00;0,08;0,03;0,03;0,10;0,02;1,20;0,03;0,04;0,46;0,02;4,20;0,24;0,03
01/04/1991;97,76;0,09;0,04;0,04;0,30;0,04;0,39;0,02;0,24;0,01;0,04;0,64;0,01;0,16;0,11;0,23;0,12;0,09;0,01;0,07;0,08;0,03;0,07;0,00;0,48;0,04;0,04;0,76;0,00;2,91;0,12;0,13
01/05/1991;88,57;0,07;0,06;0,01;0,32;0,01;0,27;0,02;0,16;0,03;0,02;0,54;0,00;0,15;0,14;0,20;0,07;0,06;0,00;0,07;0,03;0,01;0,12;0,05;0,22;0,05;0,01;0,27;0,03;2,62;0,05;0,11
01/06/1991;87,73;0,04;0,04;0,00;0,37;0,04;0,32;0,05;0,10;0,03;0,03;0,50;0,04;0,18;0,15;0,20;0,10;0,04;0,00;0,04;0,02;0,09;0,11;0,05;0,23;0,02;0,06;0,14;0,03;2,47;0,17;0,14
01/07/1991;115,18;0,06;0,04;0,01;0,31;0,04;0,40;0,03;0,23;0,07;0,05;0,60;0,01;0,07;0,32;0,25;0,07;0,06;0,04;0,19;0,07;0,05;0,06;0,07;0,24;0,04;0,03;0,31;0,03;3,26;0,07;0,13
01/08/1991;113,50;0,11;0,01;0,00;0,21;0,02;0,57;0,03;0,10;0,07;0,02;0,55;0,01;0,06;0,14;0,13;0,09;0,05;0,00;0,08;0,03;0,01;0,17;0,04;0,13;0,04;0,05;0,18;0,01;2,99;0,07;0,12
01/09/1991;117,94;0,13;0,05;0,03;0,24;0,03;0,55;0,00;0,05;0,13;0,02;0,67;0,02;0,11;0,10;0,33;0,13;0,13;0,01;0,14;0,04;0,19;0,14;0,02;0,26;0,06;0,03;0,19;0,02;3,32;0,07;0,08
01/10/1991;100,83;0,10;0,04;0,01;0,26;0,00;0,26;0,01;0,24;0,31;0,01;0,63;0,01;0,11;0,24;0,21;0,18;0,10;0,01;0,17;0,00;0,02;0,07;0,03;0,17;0,01;0,09;0,15;0,01;3,01;0,10;0,11
01/11/1991;100,74;0,13;0,03;0,01;0,33;0,18;0,37;0,02;0,08;0,25;0,01;0,45;0,03;0,11;0,20;0,27;0,34;0,08;0,00;0,14;0,05;0,01;0,11;0,03;0,07;0,01;0,02;0,14;0,01;2,56;0,08;0,03
01/12/1991;103,97;0,21;0,05;0,01;0,29;0,05;0,59;0,05;0,09;0,14;0,04;0,59;0,03;0,18;0,18;0,30;0,23;0,02;0,03;0,12;0,04;0,08;0,13;0,03;0,09;0,06;0,07;0,19;0,05;3,06;0,11;0,08
01/01/1992;102,96;0,10;0,03;0,02;0,35;0,05;0,34;0,02;0,06;0,06;0,02;0,44;0,02;0,19;0,11;0,34;0,31;0,19;0,02;0,01;0,03;0,03;0,10;0,05;0,09;0,01;0,05;0,08;0,01;2,84;0,10;0,05
01/02/1992;87,20;0,03;0,08;0,01;0,37;0,07;0,28;0,02;0,13;0,07;0,04;0,47;0,01;0,22;0,08;0,14;0,19;0,10;0,03;0,04;0,09;0,04;0,07;0,01;0,13;0,08;0,03;0,16;0,00;2,63;0,06;0,05
01/03/1992;85,30;0,05;0,03;0,00;0,33;0,03;0,32;0,02;0,15;0,06;0,03;0,38;0,03;0,21;0,05;0,21;0,24;0,07;0,02;0,03;0,03;0,04;0,06;0,00;0,09;0,06;0,08;0,32;0,01;2,32;0,07;0,10
01/04/1992;85,86;0,12;0,06;0,01;0,20;0,03;0,32;0,01;0,17;0,05;0,04;0,50;0,01;0,16;0,12;0,24;0,12;0,06;0,00;0,06;0,19;0,01;0,10;0,17;0,14;0,04;0,05;0,19;0,01;2,71;0,08;0,03
01/05/1992;78,97;0,13;0,06;0,01;0,25;0,07;0,42;0,00;0,03;0,04;0,11;0,53;0,02;0,19;0,10;0,17;0,12;0,03;0,03;0,03;0,14;0,02;0,03;0,24;0,05;0,05;0,10;0,11;0,00;2,47;0,11;0,04
01/06/1992;93,85;0,17;0,13;0,01;0,20;0,03;0,53;0,34;0,14;0,06;0,09;0,74;0,01;0,12;0,22;0,22;0,13;0,07;0,01;0,22;0,06;0,04;0,10;0,18;0,08;0,09;0,04;0,21;0,00;2,93;0,10;0,07
01/07/1992;75,20;0,05;0,01;0,01;0,13;0,03;0,43;0,03;0,13;0,10;0,18;0,55;0,01;0,16;0,16;0,16;0,04;0,03;0,01;0,10;0,07;0,05;0,09;0,05;0,19;0,05;0,04;0,15;0,02;2,37;0,12;0,08
01/08/1992;81,65;0,05;0,03;0,02;0,20;0,01;0,25;0,04;0,13;0,04;0,01;0,68;0,01;0,14;0,09;0,12;0,09;0,04;0,01;0,08;0,04;0,02;0,01;0,02;0,25;0,06;0,04;0,21;0,02;2,31;0,21;0,04
01/09/1992;74,61;0,19;0,03;0,00;0,36;0,02;0,47;0,24;0,08;0,26;0,06;0,87;0,02;0,16;0,45;0,23;0,13;0,05;0,03;0,22;0,06;0,01;0,06;0,11;0,12;0,10;0,02;0,17;0,10;2,41;0,06;0,07
01/10/1992;68,18;0,09;0,05;0,01;0,17;0,01;0,25;0,04;0,08;0,04;0,01;0,33;0,01;0,09;0,15;0,10;0,08;0,04;0,00;0,02;0,06;0,01;0,04;0,05;0,08;0,01;0,03;0,18;0,03;1,99;0,08;0,09
01/11/1992;91,01;0,19;0,03;0,04;0,30;0,12;0,34;0,07;0,13;0,15;0,02;0,61;0,05;0,13;0,27;0,29;0,17;0,06;0,03;0,14;0,05;0,03;0,14;0,11;0,12;0,03;0,08;0,22;0,04;2,93;0,20;0,15
01/12/1992;83,42;0,22;0,03;0,00;0,19;0,03;0,21;0,09;0,13;0,14;0,06;0,55;0,05;0,17;0,16;0,09;0,09;0,03;0,01;0,10;0,01;0,06;0,06;0,08;0,10;0,13;0,06;0,11;0,08;2,55;0,17;0,09
01/01/1993;128,92;0,12;0,03;0,00;0,23;0,00;0,30;0,02;0,25;0,05;0,01;1,03;0,03;0,28;0,17;0,22;0,08;0,06;0,00;0,03;0,17;0,01;0,04;0,08;0,21;0,08;0,05;0,32;0,04;3,62;0,16;0,03
01/02/1993;90,47;0,21;0,05;0,00;0,19;0,08;0,31;0,04;0,16;0,07;0,02;0,62;0,01;0,17;0,08;0,21;0,22;0,03;0,04;0,10;0,06;0,02;0,03;0,04;0,11;0,03;0,06;0,18;0,05;2,63;0,14;0,09
01/03/1993;94,24;0,10;0,02;0,02;0,23;0,09;0,27;0,02;0,22;0,06;0,02;0,46;0,01;0,14;0,09;0,20;0,39;0,04;0,00;0,04;0,03;0,00;0,04;0,02;0,05;0,04;0,02;0,09;0,03;2,78;0,09;0,09
01/04/1993;112,72;0,20;0,04;0,01;0,24;0,02;0,41;0,14;0,21;0,13;0,04;1,08;0,01;0,19;0,21;0,32;0,24;0,04;0,00;0,11;0,02;0,02;0,06;0,03;0,05;0,14;0,00;0,21;0,01;3,23;0,17;0,07
01/05/1993;110,73;0,30;0,01;0,03;0,26;0,07;0,45;0,15;0,11;0,39;0,02;1,06;0,03;0,22;0,32;0,20;0,25;0,10;0,02;0,11;0,07;0,03;0,08;0,03;0,06;0,03;0,07;0,28;0,00;3,08;0,26;0,10
01/06/1993;104,20;0,10;0,07;0,01;0,21;0,00;0,45;0,14;0,17;0,15;0,01;0,71;0,04;0,15;0,17;0,27;0,23;0,04;0,03;0,10;0,03;0,00;0,04;0,04;0,06;0,09;0,02;0,20;0,03;2,84;0,06;0,05
01/07/1993;123,31;0,10;0,02;0,02;0,30;0,02;0,37;0,06;0,17;0,09;0,03;0,80;0,05;0,26;0,36;0,56;0,50;0,05;0,05;0,08;0,01;0,04;0,01;0,04;0,07;0,09;0,04;0,09;0,04;3,73;0,13;0,07
01/08/1993;97,24;0,23;0,02;0,00;0,31;0,01;0,23;0,04;0,18;0,15;0,00;0,51;0,01;0,10;0,18;0,11;0,08;0,06;0,02;0,12;0,01;0,01;0,01;0,05;0,06;0,03;0,02;0,12;0,05;2,50;0,07;0,03
01/09/1993;89,16;0,05;0,04;0,05;0,25;0,06;0,19;0,00;0,15;0,04;0,01;0,38;0,00;0,11;0,15;0,17;0,15;0,08;0,01;0,02;0,02;0,03;0,11;0,06;0,15;0,03;0,00;0,12;0,01;2,70;0,07;0,14
01/10/1993;106,17;0,07;0,04;0,02;0,27;0,03;0,28;0,03;0,09;0,04;0,03;0,60;0,00;0,17;0,09;0,23;0,19;0,03;0,03;0,03;0,03;0,01;0,07;0,05;0,05;0,02;0,01;0,15;0,02;3,11;0,12;0,12
01/11/1993;83,48;0,06;0,03;0,01;0,36;0,03;0,23;0,08;0,12;0,04;0,01;0,39;0,03;0,13;0,05;0,29;0,42;0,14;0,02;0,03;0,03;0,02;0,04;0,03;0,03;0,07;0,02;0,06;0,05;2,45;0,03;0,08
01/12/1993;79,55;0,18;0,00;0,00;0,24;0,01;0,20;0,02;0,10;0,01;0,03;0,42;0,01;0,03;0,03;0,24;0,45;0,05;0,00;0,03;0,01;0,01;0,13;0,02;0,03;0,02;0,02;0,04;0,00;2,32;0,03;0,07
01/01/1994;83,49;0,26;0,01;0,02;0,19;0,04;0,25;0,02;0,09;0,13;0,00;0,56;0,02;0,26;0,09;0,20;0,34;0,30;0,03;0,09;0,00;0,03;0,14;0,04;0,10;0,02;0,03;0,04;0,04;2,42;0,06;0,07
01/02/1994;117,24;0,23;0,04;0,02;0,23;0,03;0,46;0,01;0,06;0,18;0,00;0,94;0,01;0,27;0,17;0,33;0,52;0,26;0,01;0,08;0,01;0,01;0,07;0,01;0,01;0,04;0,04;0,16;0,06;3,90;0,18;0,12
01/03/1994;93,47;0,02;0,04;0,01;0,43;0,03;0,10;0,03;0,12;0,11;0,00;0,35;0,01;0,25;0,04;0,40;0,60;0,20;0,01;0,05;0,02;0,00;0,04;0,00;0,04;0,04;0,01;0,06;0,00;2,88;0,04;0,16
01/04/1994;95,36;0,24;0,04;0,01;0,37;0,01;0,30;0,02;0,11;0,07;0,01;0,69;0,03;0,19;0,15;0,33;0,53;0,09;0,02;0,07;0,02;0,01;0,08;0,02;0,10;0,04;0,03;0,15;0,06;2,89;0,08;0,19
01/05/1994;104,47;0,11;0,07;0,03;0,49;0,00;0,23;0,04;0,14;0,04;0,01;0,67;0,02;0,12;0,11;0,25;0,62;0,08;0,03;0,04;0,01;0,02;0,06;0,02;0,11;0,03;0,04;0,13;0,06;3,40;0,11;0,23
01/06/1994;120,35;0,13;0,05;0,02;0,49;0,04;0,20;0,03;0,10;0,09;0,02;0,63;0,02;0,17;0,13;0,64;1,35;0,18;0,02;0,07;0,02;0,03;0,06;0,04;0,06;0,01;0,01;0,19;0,01;3,68;0,06;0,12
01/07/1994;99,64;0,05;0,06;0,05;0,25;0,04;0,62;0,01;0,07;0,05;0,03;1,07;0,04;0,08;0,18;0,28;0,39;0,07;0,04;0,02;0,00;0,01;0,05;0,01;0,09;0,05;0,04;0,16;0,02;3,30;0,07;0,08
01/08/1994;98,23;0,02;0,09;0,07;0,17;0,04;0,54;0,01;0,06;0,07;0,01;0,60;0,02;0,13;0,07;0,15;0,38;0,13;0,01;0,04;0,00;0,00;0,02;0,01;0,02;0,02;0,01;0,10;0,01;2,61;0,10;0,05
01/09/1994;98,90;0,08;0,05;0,02;0,15;0,01;0,46;0,05;0,04;0,07;0,02;0,62;0,01;0,12;0,06;0,15;0,26;0,15;0,00;0,07;0,00;0,02;0,06;0,02;0,02;0,09;0,00;0,03;0,01;2,81;0,07;0,05
01/10/1994;94,85;0,00;0,03;0,01;0,33;0,02;0,20;0,03;0,21;0,09;0,03;0,68;0,02;0,17;0,04;0,20;0,43;0,07;0,01;0,03;0,01;0,02;0,02;0,03;0,38;0,02;0,01;0,11;0,02;2,82;0,06;0,07
01/11/1994;86,53;0,19;0,02;0,02;0,18;0,01;0,37;0,02;0,08;0,05;0,01;0,68;0,14;0,08;0,08;0,24;0,25;0,04;0,02;0,11;0,00;0,05;0,06;0,08;0,01;0,02;0,04;0,04;0,02;2,56;0,06;0,06
01/12/1994;96,05;0,23;0,01;0,01;0,11;0,04;0,46;0,02;0,11;0,08;0,01;0,86;0,02;0,16;0,12;0,21;0,43;0,21;0,04;0,08;0,00;0,01;0,09;0,01;0,02;0,01;0,00;0,14;0,01;2,99;0,12;0,06
01/01/1995;80,15;0,06;0,03;0,01;0,19;0,01;0,35;0,00;0,13;0,03;0,01;0,54;0,03;0,12;0,01;0,11;0,23;0,17;0,01;0,02;0,03;0,03;0,04;0,01;0,02;0,01;0,01;0,05;0,02;2,36;0,07;0,03
01/02/1995;76,88;0,05;0,12;0,09;0,25;0,02;0,30;0,00;0,23;0,07;0,01;0,45;0,00;0,21;0,07;0,10;0,23;0,32;0,02;0,05;0,12;0,01;0,08;0,01;0,05;0,03;0,05;0,05;0,03;2,54;0,02;0,01
01/03/1995;82,24;0,10;0,00;0,04;0,17;0,03;0,39;0,05;0,19;0,05;0,01;0,49;0,02;0,07;0,12;0,34;0,13;0,10;0,00;0,08;0,02;0,01;0,05;0,01;0,13;0,03;0,02;0,19;0,02;2,47;0,04;0,07
01/04/1995;99,19;0,07;0,03;0,01;0,25;0,01;0,30;0,02;0,19;0,05;0,00;0,46;0,09;0,24;0,06;0,29;0,31;0,18;0,03;0,04;0,05;0,16;0,03;0,00;0,10;0,03;0,04;0,20;0,02;3,26;0,15;0,11
01/05/1995;87,84;0,12;0,03;0,00;0,35;0,01;0,33;0,01;0,13;0,09;0,02;0,57;0,06;0,20;0,03;0,44;0,16;0,12;0,08;0,12;0,01;0,04;0,09;0,00;0,03;0,04;0,05;0,08;0,02;2,65;0,07;0,09
01/06/1995;104,61;0,08;0,04;0,02;0,25;0,01;0,31;0,04;0,11;0,08;0,03;0,88;0,00;0,13;0,20;0,43;0,27;0,08;0,13;0,16;0,01;0,04;0,04;0,03;0,03;0,10;0,02;0,17;0,10;3,05;0,09;0,05
01/07/1995;107,65;0,16;0,01;0,02;0,18;0,02;0,35;0,04;0,05;0,05;0,01;0,93;0,01;0,24;0,10;0,18;0,11;0,09;0,01;0,36;0,03;0,01;0,06;0,02;0,02;0,01;0,03;0,09;0,05;3,10;0,12;0,06
01/08/1995;106,93;0,07;0,00;0,01;0,20;0,05;0,36;0,14;0,06;0,12;0,03;0,58;0,03;0,19;0,11;0,17;0,09;0,09;0,02;0,09;0,01;0,00;0,02;0,01;0,11;0,07;0,02;0,06;0,05;3,22;0,03;0,02
01/09/1995;71,21;0,16;0,03;0,02;0,18;0,01;0,27;0,08;0,05;0,09;0,02;0,56;0,01;0,12;0,15;0,12;0,06;0,10;0,00;0,07;0,01;0,02;0,07;0,03;0,03;0,06;0,02;0,06;0,02;1,86;0,05;0,02
01/10/1995;67,74;0,06;0,01;0,01;0,18;0,04;0,28;0,01;0,05;0,04;0,00;0,44;0,00;0,14;0,05;0,16;0,10;0,12;0,01;0,03;0,01;0,02;0,04;0,00;0,05;0,04;0,00;0,03;0,06;1,78;0,08;0,06
01/11/1995;76,33;0,10;0,00;0,02;0,16;0,03;0,28;0,01;0,14;0,04;0,01;0,49;0,02;0,16;0,10;0,14;0,04;0,02;0,02;0,07;0,01;0,00;0,04;0,02;0,10;0,07;0,01;0,04;0,04;2,06;0,07;0,09
01/12/1995;65,67;0,07;0,01;0,00;0,23;0,01;0,37;0,02;0,02;0,08;0,02;0,60;0,06;0,15;0,18;0,15;0,13;0,09;0,06;0,03;0,03;0,03;0,04;0,00;0,06;0,09;0,05;0,11;0,04;2,14;0,13;0,05
01/01/1996;75,63;0,06;0,00;0,02;0,20;0,06;0,16;0,00;0,10;0,08;0,03;0,29;0,02;0,19;0,06;0,11;0,09;0,03;0,00;0,03;0,00;0,05;0,01;0,05;0,12;0,05;0,00;0,23;0,02;2,08;0,02;0,03
01/02/1996;80,42;0,00;0,00;0,01;0,42;0,03;0,26;0,02;0,11;0,05;0,05;0,37;0,00;0,11;0,12;0,09;0,17;0,09;0,00;0,03;0,02;0,01;0,06;0,00;0,09;0,06;0,02;0,10;0,17;2,40;0,03;0,07
01/03/1996;82,15;0,09;0,00;0,01;0,38;0,02;0,18;0,01;0,28;0,07;0,01;0,16;0,00;0,11;0,10;0,14;0,08;0,07;0,00;0,06;0,01;0,02;0,05;0,01;0,13;0,07;0,03;0,09;0,29;2,30;0,03;0,04
01/04/1996;84,83;0,03;0,04;0,00;0,33;0,03;0,14;0,01;0,13;0,02;0,01;0,41;0,01;0,11;0,11;0,27;0,19;0,04;0,00;0,02;0,01;0,02;0,05;0,00;0,07;0,04;0,01;0,08;0,14;2,15;0,02;0,03
01/05/1996;65,53;0,02;0,00;0,00;0,34;0,02;0,17;0,00;0,10;0,09;0,01;0,19;0,00;0,15;0,01;0,10;0,13;0,05;0,02;0,04;0,00;0,01;0,01;0,00;0,05;0,02;0,02;0,07;0,08;1,79;0,06;0,00
01/06/1996;69,09;0,00;0,04;0,03;0,31;0,01;0,19;0,01;0,20;0,04;0,01;0,35;0,01;0,26;0,06;0,13;0,07;0,05;0,01;0,05;0,03;0,02;0,02;0,00;0,33;0,07;0,02;0,07;0,03;1,78;0,06;0,03
01/07/1996;80,64;0,08;0,02;0,03;0,13;0,00;0,08;0,02;0,04;0,05;0,02;0,45;0,08;0,19;0,07;0,09;0,10;0,08;0,01;0,04;0,00;0,00;0,05;0,01;0,31;0,02;0,03;0,04;0,04;2,13;0,03;0,03
01/08/1996;81,69;0,05;0,00;0,01;0,18;0,03;0,22;0,01;0,08;0,08;0,00;0,36;0,04;0,23;0,07;0,06;0,05;0,13;0,02;0,02;0,02;0,02;0,00;0,00;0,17;0,01;0,02;0,12;0,03;2,21;0,02;0,05
01/09/1996;88,20;0,05;0,03;0,00;0,19;0,16;0,18;0,01;0,23;0,08;0,02;0,51;0,00;0,20;0,04;0,13;0,08;0,24;0,00;0,01;0,01;0,02;0,04;0,01;0,49;0,02;0,01;0,41;0,02;2,62;0,05;0,03
01/10/1996;55,59;0,02;0,03;0,00;0,14;0,04;0,07;0,00;0,10;0,03;0,01;0,23;0,06;0,10;0,02;0,08;0,08;0,07;0,01;0,02;0,00;0,02;0,08;0,03;0,05;0,02;0,03;0,09;0,03;1,50;0,01;0,06
01/11/1996;57,34;0,08;0,02;0,04;0,22;0,06;0,09;0,01;0,03;0,11;0,02;0,28;0,06;0,11;0,13;0,09;0,12;0,13;0,02;0,02;0,03;0,13;0,09;0,02;0,13;0,04;0,03;0,04;0,04;1,62;0,02;0,03
01/12/1996;74,98;0,07;0,02;0,00;0,17;0,06;0,16;0,00;0,06;0,12;0,02;0,36;0,00;0,12;0,09;0,40;0,17;0,04;0,06;0,01;0,41;0,01;0,14;0,03;0,10;0,02;0,03;0,13;0,04;2,08;0,06;0,05
01/01/1997;54,06;0,01;0,01;0,02;0,08;0,02;0,12;0,00;0,15;0,08;0,00;0,21;0,02;0,11;0,02;0,24;0,13;0,09;0,01;0,01;0,26;0,01;0,03;0,00;0,16;0,01;0,01;0,11;0,03;1,48;0,05;0,06
01/02/1997;50,56;0,04;0,00;0,00;0,16;0,05;0,09;0,01;0,07;0,10;0,06;0,18;0,04;0,09;0,03;0,27;0,17;0,11;0,04;0,01;0,12;0,02;0,06;0,02;0,09;0,01;0,03;0,05;0,03;1,31;0,01;0,07
01/03/1997;58,48;0,07;0,02;0,01;0,18;0,03;0,11;0,02;0,09;0,14;0,20;0,26;0,03;0,08;0,09;0,19;0,05;0,12;0,02;0,01;0,11;0,01;0,16;0,02;0,10;0,00;0,02;0,08;0,04;1,59;0,01;0,08
01/04/1997;62,84;0,04;0,02;0,06;0,22;0,05;0,16;0,01;0,10;0,06;0,01;0,27;0,02;0,07;0,07;0,33;0,16;0,04;0,01;0,04;0,26;0,02;0,06;0,01;0,15;0,04;0,02;0,03;0,02;1,68;0,03;0,14
01/05/1997;53,58;0,11;0,03;0,02;0,24;0,03;0,13;0,01;0,05;0,10;0,05;0,34;0,05;0,10;0,10;0,14;0,14;0,06;0,00;0,03;0,05;0,00;0,14;0,05;0,05;0,03;0,02;0,15;0,04;1,52;0,03;0,12
01/06/1997;39,05;0,00;0,01;0,00;0,16;0,02;0,06;0,01;0,03;0,02;0,00;0,18;0,04;0,04;0,09;0,03;0,03;0,03;0,00;0,01;0,01;0,01;0,03;0,04;0,07;0,02;0,01;0,03;0,02;0,95;0,02;0,03
01/07/1997;47,70;0,04;0,02;0,00;0,14;0,07;0,12;0,00;0,06;0,12;0,02;0,19;0,01;0,06;0,05;0,12;0,05;0,03;0,02;0,05;0,03;0,01;0,06;0,00;0,07;0,00;0,02;0,05;0,05;1,08;0,07;0,00
01/08/1997;48,58;0,03;0,03;0,02;0,11;0,00;0,09;0,00;0,14;0,05;0,04;0,20;0,02;0,06;0,03;0,10;0,11;0,03;0,01;0,04;0,01;0,03;0,03;0,04;0,07;0,02;0,02;0,04;0,01;1,27;0,00;0,06
01/09/1997;42,69;0,05;0,01;0,01;0,19;0,03;0,07;0,01;0,09;0,04;0,07;0,22;0,03;0,09;0,04;0,09;0,09;0,07;0,02;0,02;0,01;0,01;0,08;0,01;0,06;0,01;0,00;0,04;0,02;1,17;0,04;0,04
01/10/1997;49,75;0,01;0,05;0,05;0,28;0,10;0,07;0,00;0,14;0,03;0,03;0,31;0,01;0,03;0,03;0,15;0,06;0,04;0,07;0,03;0,03;0,02;0,03;0,03;0,06;0,03;0,00;0,06;0,03;1,30;0,03;0,05
01/11/1997;59,69;0,04;0,03;0,04;0,47;0,03;0,11;0,02;0,37;0,02;0,02;0,74;0,02;0,12;0,03;0,08;0,04;0,08;0,03;0,05;0,01;0,00;0,04;0,02;0,21;0,13;0,02;0,10;0,03;1,84;0,03;0,01
01/12/1997;44,00;0,04;0,05;0,00;0,16;0,05;0,12;0,00;0,12;0,02;0,03;0,34;0,03;0,12;0,03;0,07;0,15;0,11;0,05;0,02;0,00;0,02;0,05;0,00;0,12;0,04;0,00;0,05;0,02;1,26;0,04;0,01
01/01/1998;53,10;0,01;0,02;0,01;0,27;0,01;0,10;0,01;0,08;0,07;0,01;0,44;0,03;0,08;0,07;0,06;0,11;0,07;0,04;0,00;0,00;0,00;0,03;0,02;0,12;0,02;0,06;0,08;0,02;1,28;0,02;0,03
01/02/1998;77,60;0,02;0,03;0,00;0,26;0,04;0,18;0,00;0,11;0,06;0,00;0,55;0,06;0,19;0,06;0,08;0,10;0,04;0,01;0,03;0,02;0,00;0,04;0,04;0,38;0,04;0,02;0,12;0,02;2,01;0,04;0,04
01/03/1998;57,25;0,02;0,02;0,00;0,20;0,07;0,17;0,02;0,06;0,05;0,02;0,28;0,06;0,15;0,14;0,10;0,12;0,03;0,02;0,02;0,00;0,01;0,03;0,01;0,14;0,02;0,04;0,12;0,02;1,58;0,06;0,06
01/04/1998;51,00;0,02;0,02;0,02;0,16;0,05;0,13;0,01;0,04;0,03;0,00;0,25;0,01;0,07;0,13;0,06;0,06;0,04;0,00;0,03;0,03;0,00;0,05;0,01;0,05;0,03;0,01;0,05;0,00;1,23;0,02;0,03
01/05/1998;94,47;0,04;0,02;0,02;0,77;0,02;0,30;0,03;0,08;0,03;0,01;0,53;0,19;1,04;0,10;0,38;0,17;0,06;0,09;0,05;0,01;0,02;0,02;0,02;0,04;0,04;0,02;0,09;0,06;2,36;0,03;0,02
01/06/1998;76,31;0,08;0,03;0,01;0,65;0,06;0,20;0,00;0,05;0,05;0,00;0,46;0,08;0,70;0,14;0,27;0,13;0,09;0,02;0,03;0,02;0,03;0,03;0,08;0,05;0,00;0,02;0,11;0,03;2,07;0,05;0,03
01/07/1998;54,05;0,02;0,03;0,01;0,47;0,04;0,13;0,02;0,05;0,03;0,00;0,26;0,13;0,38;0,08;0,14;0,20;0,07;0,03;0,04;0,02;0,03;0,01;0,05;0,10;0,00;0,03;0,14;0,12;1,64;0,06;0,08
01/08/1998;97,02;0,02;0,05;0,02;0,29;0,10;0,19;0,00;0,31;0,04;0,00;0,52;0,08;0,34;0,13;0,19;0,19;0,07;0,05;0,02;0,05;0,09;0,04;0,05;0,53;0,02;0,06;0,16;0,03;2,60;0,05;0,16
01/09/1998;62,51;0,05;0,04;0,02;0,21;0,03;0,13;0,00;0,11;0,04;0,02;0,27;0,06;0,20;0,06;0,21;0,28;0,09;0,02;0,02;0,01;0,01;0,02;0,08;0,20;0,02;0,03;0,05;0,01;1,81;0,02;0,09
01/10/1998;54,40;0,15;0,05;0,05;0,19;0,05;0,21;0,02;0,09;0,07;0,02;0,28;0,02;0,08;0,12;0,05;0,08;0,09;0,02;0,02;0,02;0,02;0,02;0,03;0,05;0,00;0,00;0,09;0,02;1,38;0,03;0,06
01/11/1998;67,97;0,05;0,07;0,03;0,28;0,02;0,17;0,01;0,13;0,10;0,00;0,48;0,06;0,15;0,10;0,16;0,20;0,09;0,13;0,00;0,00;0,02;0,02;0,04;0,19;0,03;0,02;0,09;0,02;1,88;0,02;0,07
01/12/1998;75,96;0,04;0,03;0,02;0,34;0,03;0,20;0,01;0,16;0,05;0,01;0,44;0,03;0,22;0,06;0,14;0,14;0,05;0,03;0,05;0,01;0,03;0,05;0,04;0,27;0,05;0,02;0,12;0,03;1,89;0,06;0,09
01/01/1999;63,99;0,14;0,09;0,03;0,34;0,08;0,19;0,00;0,13;0,02;0,01;0,53;0,06;0,12;0,15;0,12;0,19;0,10;0,06;0,06;0,02;0,04;0,04;0,02;0,17;0,01;0,00;0,10;0,01;1,67;0,01;0,11
01/02/1999;58,32;0,08;0,04;0,00;0,19;0,05;0,23;0,01;0,07;0,02;0,03;0,45;0,04;0,12;0,10;0,07;0,11;0,06;0,01;0,03;0,01;0,03;0,02;0,02;0,09;0,01;0,01;0,20;0,04;1,37;0,04;0,05
01/03/1999;83,40;0,31;0,03;0,02;0,54;0,05;0,38;0,02;0,06;0,06;0,09;0,66;0,02;0,17;0,34;0,17;0,25;0,17;0,03;0,06;0,00;0,04;0,09;0,04;0,06;0,00;0,03;0,32;0,22;2,49;0,09;0,03
01/04/1999;106,20;0,54;0,03;0,01;0,43;0,07;0,61;0,00;0,05;0,09;0,01;0,63;0,05;0,08;0,50;0,15;0,27;0,06;0,02;0,12;0,00;0,01;0,11;0,05;0,07;0,04;0,01;0,28;0,17;3,00;0,39;0,06
01/05/1999;85,44;0,40;0,00;0,01;0,89;0,03;0,51;0,02;0,05;0,08;0,12;0,33;0,04;0,18;0,32;0,16;0,23;0,10;0,01;0,06;0,01;0,02;0,05;0,02;0,06;0,02;0,01;0,09;0,13;2,39;0,12;0,03
01/06/1999;79,41;0,17;0,01;0,01;0,54;0,03;0,48;0,00;0,06;0,02;0,19;0,48;0,04;0,24;0,25;0,19;0,20;0,10;0,02;0,07;0,02;0,02;0,06;0,03;0,06;0,02;0,02;0,12;0,03;2,07;0,07;0,03
01/07/1999;62,14;0,07;0,03;0,03;0,37;0,18;0,13;0,01;0,09;0,07;0,04;0,16;0,07;0,25;0,04;0,09;0,11;0,11;0,02;0,03;0,05;0,05;0,01;0,03;0,09;0,01;0,00;0,08;0,17;1,54;0,03;0,05
01/08/1999;62,86;0,04;0,03;0,02;0,28;0,07;0,16;0,01;0,09;0,08;0,03;0,30;0,08;0,22;0,03;0,14;0,14;0,07;0,01;0,04;0,02;0,03;0,01;0,02;0,08;0,01;0,02;0,13;0,10;1,41;0,06;0,07
01/09/1999;69,58;0,00;0,02;0,01;0,40;0,10;0,22;0,01;0,12;0,06;0,01;0,30;0,43;0,18;0,09;0,22;0,24;0,10;0,08;0,12;0,02;0,06;0,02;0,17;0,03;0,04;0,08;0,09;0,12;1,91;0,07;0,04
01/10/1999;72,35;0,02;0,01;0,02;0,39;0,03;0,24;0,02;0,03;0,03;0,08;0,35;0,15;0,42;0,06;0,20;0,26;0,07;0,01;0,02;0,02;0,00;0,04;0,04;0,05;0,01;0,04;0,06;0,06;1,95;0,02;0,10
01/11/1999;57,96;0,05;0,02;0,02;0,40;0,05;0,19;0,02;0,08;0,07;0,03;0,32;0,10;0,17;0,02;0,10;0,15;0,08;0,03;0,06;0,01;0,04;0,03;0,02;0,08;0,02;0,01;0,25;0,12;1,48;0,02;0,05
01/12/1999;86,08;0,11;0,02;0,03;0,48;0,08;0,31;0,01;0,10;0,12;0,05;0,57;0,07;0,30;0,16;0,13;0,15;0,10;0,07;0,04;0,02;0,02;0,02;0,06;0,19;0,02;0,00;0,11;0,09;2,38;0,07;0,06
01/01/2000;64,46;0,02;0,02;0,02;0,26;0,11;0,14;0,02;0,06;0,06;0,04;0,32;0,09;0,27;0,06;0,06;0,08;0,07;0,02;0,03;0,05;0,01;0,02;0,02;0,11;0,05;0,04;0,06;0,06;1,74;0,02;0,07
01/02/2000;63,54;0,14;0,04;0,01;0,26;0,04;0,22;0,06;0,08;0,05;0,03;0,37;0,09;0,18;0,14;0,07;0,12;0,05;0,02;0,04;0,00;0,03;0,01;0,04;0,05;0,12;0,03;0,07;0,14;1,83;0,03;0,07
01/03/2000;50,10;0,05;0,02;0,00;0,36;0,06;0,18;0,01;0,02;0,02;0,01;0,21;0,03;0,24;0,05;0,19;0,12;0,05;0,03;0,03;0,02;0,05;0,03;0,03;0,05;0,02;0,02;0,02;0,23;1,33;0,06;0,10
01/04/2000;48,68;0,03;0,03;0,00;0,21;0,07;0,11;0,01;0,04;0,07;0,04;0,20;0,03;0,14;0,05;0,07;0,23;0,04;0,05;0,05;0,07;0,09;0,02;0,03;0,03;0,04;0,02;0,02;0,06;1,38;0,05;0,07
01/05/2000;79,48;0,03;0,02;0,00;0,39;0,07;0,13;0,01;0,05;0,04;0,07;0,33;0,05;0,44;0,06;0,09;0,20;0,16;0,10;0,04;0,06;0,12;0,02;0,02;0,06;0,02;0,00;0,02;0,10;2,03;0,06;0,14
01/06/2000;64,72;0,02;0,04;0,03;0,48;0,07;0,15;0,00;0,02;0,05;0,02;0,21;0,01;0,19;0,09;0,17;0,50;0,20;0,02;0,03;0,06;0,01;0,01;0,03;0,02;0,02;0,01;0,02;0,07;1,71;0,05;0,03
01/07/2000;51,90;0,06;0,02;0,03;0,40;0,05;0,11;0,01;0,04;0,06;0,01;0,22;0,04;0,23;0,06;0,18;0,27;0,08;0,03;0,02;0,01;0,03;0,02;0,00;0,02;0,01;0,04;0,01;0,10;1,29;0,04;0,07
01/08/2000;46,49;0,04;0,03;0,03;0,21;0,09;0,10;0,00;0,03;0,02;0,00;0,20;0,04;0,19;0,01;0,06;0,11;0,08;0,03;0,02;0,03;0,06;0,02;0,01;0,07;0,03;0,02;0,06;0,03;1,12;0,02;0,05
01/09/2000;52,69;0,05;0,04;0,02;0,38;0,09;0,23;0,05;0,02;0,10;0,06;0,45;0,07;0,18;0,06;0,14;0,19;0,12;0,14;0,04;0,09;0,16;0,01;0,02;0,09;0,04;0,02;0,04;0,07;1,51;0,04;0,06
01/10/2000;76,46;0,01;0,04;0,02;0,21;0,13;0,14;0,00;0,55;0,08;0,04;0,37;0,04;0,11;0,06;0,09;0,14;0,06;0,02;0,03;0,06;0,03;0,04;0,02;0,31;0,01;0,01;0,14;0,04;2,03;0,05;0,04
01/11/2000;45,06;0,04;0,03;0,02;0,14;0,07;0,09;0,00;0,21;0,05;0,03;0,29;0,06;0,13;0,02;0,10;0,09;0,05;0,04;0,01;0,09;0,04;0,02;0,02;0,13;0,02;0,01;0,07;0,03;1,25;0,07;0,01
01/12/2000;45,40;0,06;0,03;0,03;0,17;0,12;0,11;0,03;0,12;0,06;0,02;0,17;0,04;0,18;0,08;0,09;0,12;0,10;0,04;0,01;0,04;0,01;0,00;0,02;0,11;0,02;0,01;0,11;0,03;1,35;0,06;0,05
01/01/2001;46,90;0,01;0,04;0,01;0,29;0,09;0,08;0,01;0,10;0,03;0,00;0,26;0,02;0,18;0,09;0,07;0,10;0,03;0,01;0,03;0,02;0,02;0,03;0,01;0,09;0,04;0,01;0,05;0,15;1,33;0,05;0,01
01/02/2001;55,09;0,07;0,03;0,02;0,26;0,08;0,12;0,02;0,14;0,03;0,02;0,23;0,08;0,13;0,05;0,10;0,10;0,07;0,03;0,02;0,01;0,01;0,02;0,00;0,13;0,03;0,02;0,15;0,04;1,17;0,02;0,02
01/03/2001;61,71;0,05;0,01;0,03;0,27;0,05;0,20;0,00;0,02;0,03;0,05;0,24;0,03;0,10;0,04;0,17;0,25;0,07;0,04;0,04;0,01;0,01;0,02;0,01;0,06;0,09;0,01;0,10;0,11;1,41;0,03;0,01
01/04/2001;50,57;0,05;0,05;0,00;0,38;0,07;0,13;0,02;0,14;0,02;0,00;0,21;0,04;0,12;0,04;0,16;0,14;0,08;0,02;0,08;0,02;0,04;0,02;0,01;0,04;0,01;0,02;0,01;0,24;1,33;0,05;0,02
01/05/2001;60,38;0,07;0,02;0,01;0,35;0,08;0,16;0,01;0,13;0,06;0,02;0,26;0,02;0,10;0,06;0,18;0,24;0,04;0,01;0,03;0,04;0,01;0,04;0,00;0,06;0,04;0,02;0,14;0,08;1,60;0,02;0,01
01/06/2001;72,06;0,11;0,02;0,00;0,28;0,02;0,19;0,02;0,13;0,09;0,01;0,35;0,03;0,13;0,05;0,13;0,18;0,05;0,08;0,02;0,02;0,16;0,07;0,00;0,15;0,11;0,00;0,09;0,03;1,79;0,02;0,05
01/07/2001;61,07;0,07;0,02;0,01;0,31;0,06;0,24;0,02;0,06;0,03;0,02;0,27;0,05;0,14;0,23;0,19;0,13;0,05;0,01;0,04;0,02;0,01;0,02;0,01;0,09;0,02;0,01;0,07;0,06;1,77;0,06;0,05
01/08/2001;64,11;0,05;0,01;0,02;0,19;0,10;0,12;0,01;0,14;0,06;0,07;0,16;0,05;0,10;0,12;0,05;0,12;0,08;0,02;0,04;0,02;0,00;0,03;0,02;0,06;0,02;0,01;0,05;0,03;1,63;0,04;0,04
01/09/2001;498,65;0,24;0,16;0,03;0,69;0,14;0,91;0,03;0,67;0,28;0,08;0,97;0,16;0,82;0,28;0,71;0,42;0,50;0,07;0,24;0,10;0,16;0,12;0,01;1,16;0,07;0,07;0,24;0,10;10,26;0,29;0,05
01/10/2001;512,53;0,15;0,06;0,02;0,50;0,09;0,67;0,03;0,57;0,21;0,06;0,85;0,20;0,75;0,47;0,60;0,22;0,26;0,16;0,20;0,05;0,13;0,07;0,02;0,85;0,05;0,02;0,22;0,12;10,85;0,25;0,03
01/11/2001;306,79;0,12;0,11;0,05;0,35;0,08;0,52;0,01;0,33;0,22;0,04;0,67;0,17;0,67;0,22;0,41;0,18;0,18;0,06;0,12;0,07;0,13;0,08;0,01;0,48;0,09;0,04;0,31;0,07;7,61;0,07;0,12
01/12/2001;236,10;0,16;0,06;0,02;0,40;0,05;0,35;0,02;0,27;0,11;0,01;0,53;0,11;0,61;0,20;0,33;0,23;0,11;0,03;0,10;0,05;0,06;0,05;0,01;0,37;0,03;0,06;0,18;0,07;6,37;0,08;0,04
01/01/2002;172,48;0,04;0,07;0,02;0,32;0,15;0,30;0,01;0,15;0,07;0,01;0,48;0,06;0,78;0,12;0,28;0,17;0,18;0,07;0,12;0,07;0,13;0,01;0,00;0,25;0,04;0,04;0,13;0,02;4,63;0,10;0,02
01/02/2002;146,19;0,04;0,07;0,02;0,34;0,18;0,19;0,02;0,15;0,11;0,01;0,29;0,09;0,30;0,05;0,19;0,40;0,12;0,05;0,02;0,03;0,16;0,04;0,04;0,30;0,02;0,05;0,09;0,03;3,70;0,07;0,08
01/03/2002;151,98;0,04;0,05;0,01;0,28;0,18;0,31;0,03;0,31;0,08;0,01;0,40;0,06;0,23;0,18;0,11;0,28;0,19;0,02;0,03;0,08;0,14;0,04;0,01;0,52;0,02;0,02;0,11;0,07;3,97;0,13;0,09
01/04/2002;157,50;0,05;0,05;0,04;0,15;0,12;0,27;0,03;0,38;0,24;0,03;0,46;0,07;0,21;0,19;0,13;0,19;0,14;0,04;0,08;0,04;0,10;0,04;0,02;0,48;0,05;0,03;0,09;0,02;4,02;0,10;0,05
01/05/2002;163,32;0,06;0,01;0,01;0,24;0,17;0,30;0,02;0,23;0,14;0,01;0,51;0,04;0,47;0,25;0,15;0,21;0,09;0,04;0,14;0,03;0,05;0,04;0,02;0,24;0,01;0,02;0,07;0,05;4,13;0,07;0,01
01/06/2002;149,33;0,05;0,02;0,01;0,16;0,03;0,22;0,02;0,30;0,07;0,02;0,42;0,01;0,69;0,11;0,24;0,16;0,06;0,05;0,07;0,01;0,07;0,01;0,01;0,27;0,02;0,01;0,06;0,02;3,77;0,01;0,05
01/07/2002;122,78;0,08;0,02;0,01;0,14;0,05;0,19;0,02;0,16;0,12;0,02;0,37;0,04;0,35;0,12;0,16;0,19;0,15;0,06;0,02;0,00;0,11;0,05;0,01;0,21;0,04;0,07;0,13;0,04;3,12;0,03;0,06
01/08/2002;127,06;0,03;0,05;0,02;0,22;0,08;0,19;0,02;0,18;0,06;0,00;0,26;0,04;0,31;0,07;0,19;0,19;0,12;0,05;0,05;0,01;0,10;0,02;0,02;0,26;0,07;0,03;0,17;0,03;3,04;0,10;0,12
01/09/2002;174,90;0,03;0,03;0,02;0,38;0,08;0,36;0,08;0,25;0,08;0,02;0,69;0,11;0,22;0,15;0,23;0,23;0,11;0,08;0,02;0,02;0,05;0,05;0,02;0,33;0,05;0,04;0,15;0,03;3,87;0,11;0,08
01/10/2002;172,03;0,06;0,05;0,01;0,57;0,08;0,32;0,06;0,17;0,10;0,05;0,96;0,28;0,28;0,09;0,51;0,55;0,31;0,15;0,05;0,01;0,12;0,04;0,01;0,32;0,06;0,04;0,17;0,06;4,19;0,13;0,04
01/11/2002;159,13;0,10;0,01;0,03;0,28;0,05;0,30;0,07;0,20;0,05;0,02;0,75;0,23;0,20;0,10;0,26;0,42;0,23;0,12;0,08;0,02;0,07;0,07;0,01;0,33;0,07;0,07;0,20;0,02;3,99;0,09;0,06
01/12/2002;175,81;0,04;0,05;0,01;0,42;0,09;0,31;0,09;0,10;0,12;0,01;0,64;0,13;0,39;0,06;0,43;0,65;0,08;0,03;0,07;0,01;0,12;0,04;0,02;0,29;0,04;0,03;0,27;0,04;4,09;0,04;0,06
01/01/2003;206,43;0,09;0,08;0,06;0,75;0,06;0,57;0,02;0,21;0,21;0,01;1,00;0,09;0,37;0,17;0,64;1,09;0,27;0,04;0,08;0,02;0,06;0,06;0,05;0,42;0,05;0,04;0,32;0,04;4,80;0,10;0,06
01/02/2003;239,61;0,19;0,02;0,12;0,70;0,13;0,74;0,02;0,25;0,41;0,04;1,01;0,12;0,31;0,19;0,47;0,84;0,20;0,05;0,10;0,02;0,09;0,03;0,03;0,25;0,05;0,04;0,35;0,05;4,92;0,14;0,05
01/03/2003;358,71;0,12;0,03;0,22;0,77;0,11;1,30;0,03;0,45;0,65;0,06;1,86;0,18;0,32;0,33;0,56;0,77;0,42;0,10;0,16;0,01;0,23;0,07;0,12;0,64;0,06;0,10;1,01;0,05;8,51;0,37;0,05
01/04/2003;255,78;0,18;0,06;0,04;0,85;0,06;0,92;0,02;0,43;0,19;0,02;1,25;0,06;0,26;0,25;0,53;0,79;0,18;0,04;0,10;0,04;0,11;0,08;0,01;0,46;0,04;0,08;0,69;0,04;7,36;0,23;0,05
01/05/2003;162,12;0,11;0,06;0,02;0,41;0,07;0,50;0,04;0,25;0,27;0,04;0,77;0,14;0,28;0,12;0,28;0,45;0,16;0,07;0,08;0,02;0,13;0,09;0,01;0,60;0,04;0,06;0,13;0,09;4,55;0,09;0,07
01/06/2003;145,77;0,05;0,04;0,03;0,44;0,11;0,34;0,04;0,28;0,13;0,02;0,70;0,12;0,29;0,17;0,32;0,47;0,12;0,15;0,12;0,03;0,09;0,09;0,02;0,27;0,04;0,13;0,15;0,07;4,32;0,09;0,05
01/07/2003;134,90;0,06;0,03;0,02;0,36;0,08;0,21;0,01;0,10;0,11;0,02;0,45;0,05;0,28;0,15;0,31;0,46;0,10;0,08;0,03;0,05;0,05;0,04;0,01;0,27;0,02;0,05;0,12;0,01;4,04;0,06;0,14
01/08/2003;138,23;0,05;0,07;0,00;0,39;0,06;0,33;0,04;0,10;0,13;0,03;0,51;0,12;0,29;0,16;0,36;0,48;0,09;0,01;0,13;0,01;0,09;0,11;0,04;0,22;0,02;0,04;0,13;0,05;3,83;0,06;0,07
01/09/2003;118,20;0,05;0,03;0,04;0,31;0,09;0,41;0,03;0,07;0,13;0,02;0,59;0,11;0,39;0,07;0,22;0,31;0,11;0,01;0,04;0,01;0,05;0,12;0,04;0,09;0,02;0,05;0,20;0,01;3,53;0,10;0,04
01/10/2003;108,32;0,01;0,03;0,03;0,29;0,07;0,31;0,00;0,17;0,21;0,03;0,41;0,14;0,25;0,05;0,25;0,42;0,17;0,06;0,03;0,01;0,09;0,04;0,02;0,17;0,02;0,16;0,17;0,04;3,25;0,08;0,01
01/11/2003;118,09;0,05;0,03;0,01;0,23;0,07;0,39;0,02;0,20;0,20;0,04;0,41;0,08;0,20;0,27;0,25;0,28;0,09;0,03;0,01;0,01;0,03;0,07;0,05;0,31;0,02;0,01;0,34;0,06;3,28;0,14;0,02
01/12/2003;129,47;0,08;0,04;0,02;0,45;0,08;0,29;0,00;0,15;0,17;0,00;0,53;0,07;0,22;0,20;0,44;0,52;0,14;0,03;0,02;0,05;0,05;0,11;0,00;0,24;0,02;0,05;0,26;0,14;3,75;0,08;0,03
01/01/2004;113,47;0,07;0,13;0,02;0,38;0,04;0,27;0,01;0,21;0,12;0,01;0,57;0,05;0,40;0,19;0,25;0,41;0,39;0,04;0,12;0,03;0,04;0,01;0,04;0,22;0,04;0,04;0,09;0,06;3,38;0,05;0,04
01/02/2004;115,08;0,03;0,03;0,02;0,33;0,03;0,24;0,02;0,10;0,07;0,01;0,48;0,05;0,28;0,14;0,25;0,52;0,07;0,08;0,09;0,00;0,04;0,04;0,01;0,13;0,01;0,04;0,15;0,03;3,33;0,06;0,04
01/03/2004;138,53;0,06;0,05;0,07;0,22;0,03;0,36;0,01;0,15;0,77;0,01;0,62;0,05;0,30;0,18;0,17;0,30;0,14;0,07;0,14;0,01;0,05;0,17;0,03;0,15;0,02;0,05;0,15;0,05;3,64;0,04;0,07
01/04/2004;149,63;0,07;0,10;0,01;0,46;0,04;0,40;0,04;0,15;0,60;0,01;0,58;0,13;0,22;0,29;0,53;0,40;0,13;0,06;0,08;0,03;0,10;0,15;0,03;0,39;0,02;0,09;0,18;0,11;4,21;0,16;0,04
01/05/2004;121,09;0,04;0,06;0,01;0,33;0,07;0,27;0,03;0,30;0,31;0,02;0,30;0,04;0,23;0,17;0,25;0,27;0,09;0,03;0,08;0,09;0,02;0,12;0,03;0,30;0,02;0,03;0,11;0,07;3,59;0,11;0,06
01/06/2004;137,23;0,10;0,05;0,03;0,40;0,05;0,51;0,02;0,20;0,20;0,01;0,58;0,11;0,30;0,22;0,27;0,55;0,11;0,02;0,08;0,03;0,03;0,07;0,02;0,60;0,02;0,05;0,39;0,02;4,30;0,08;0,03
01/07/2004;131,02;0,12;0,06;0,03;0,29;0,05;0,22;0,01;0,40;0,17;0,00;0,45;0,15;0,47;0,15;0,18;0,41;0,13;0,06;0,11;0,02;0,38;0,08;0,02;0,39;0,02;0,04;0,20;0,04;4,13;0,12;0,05
01/08/2004;140,37;0,04;0,06;0,02;0,17;0,06;0,31;0,04;0,19;0,20;0,02;0,45;0,03;0,18;0,14;0,17;0,20;0,15;0,04;0,12;0,00;0,05;0,04;0,01;0,24;0,04;0,06;0,20;0,01;4,10;0,09;0,10
01/09/2004;153,87;0,04;0,07;0,01;0,41;0,04;0,28;0,01;0,23;0,17;0,04;0,87;0,07;0,24;0,24;0,28;0,47;0,21;0,02;0,11;0,01;0,02;0,05;0,01;0,27;0,00;0,01;0,24;0,01;4,44;0,12;0,05
01/10/2004;119,86;0,03;0,09;0,00;0,33;0,03;0,29;0,04;0,16;0,19;0,01;0,53;0,09;0,18;0,16;0,29;0,31;0,11;0,03;0,07;0,02;0,02;0,11;0,01;0,16;0,03;0,05;0,19;0,01;3,55;0,06;0,05
01/11/2004;122,71;0,15;0,07;0,13;0,36;0,08;0,52;0,03;0,26;0,17;0,04;0,93;0,04;0,23;0,12;0,19;0,27;0,11;0,02;0,09;0,01;0,08;0,13;0,02;0,18;0,02;0,08;0,17;0,03;3,72;0,09;0,15
01/12/2004;109,90;0,04;0,04;0,05;0,29;0,03;0,29;0,03;0,23;0,08;0,01;0,35;0,11;0,18;0,08;0,13;0,20;0,10;0,03;0,08;0,02;0,05;0,05;0,01;0,23;0,01;0,10;0,14;0,08;2,91;0,06;0,08
01/01/2005;100,89;0,02;0,03;0,01;0,32;0,02;0,18;0,04;0,19;0,12;0,02;0,35;0,27;0,24;0,10;0,15;0,24;0,12;0,03;0,09;0,05;0,04;0,05;0,01;0,25;0,05;0,17;0,09;0,04;2,75;0,10;0,03
01/02/2005;108,98;0,23;0,03;0,01;0,52;0,10;0,46;0,02;0,33;0,08;0,02;0,62;0,09;0,20;0,21;0,31;0,49;0,11;0,02;0,08;0,02;0,07;0,09;0,01;0,11;0,02;0,04;0,13;0,14;3,10;0,05;0,05
01/03/2005;90,41;0,06;0,04;0,01;0,41;0,04;0,23;0,01;0,21;0,09;0,01;0,50;0,05;0,19;0,14;0,15;0,29;0,08;0,00;0,05;0,01;0,08;0,03;0,02;0,18;0,02;0,04;0,04;0,16;2,52;0,05;0,03
01/04/2005;87,03;0,03;0,03;0,01;0,29;0,05;0,18;0,02;0,05;0,11;0,01;0,31;0,01;0,20;0,06;0,12;0,23;0,04;0,00;0,04;0,00;0,01;0,03;0,00;0,09;0,01;0,03;0,07;0,07;2,61;0,07;0,09
01/05/2005;98,21;0,09;0,04;0,01;0,36;0,03;0,35;0,01;0,12;0,10;0,01;0,50;0,07;0,11;0,11;0,33;0,41;0,12;0,01;0,04;0,01;0,03;0,02;0,01;0,11;0,02;0,05;0,06;0,01;2,83;0,06;0,01
01/06/2005;81,12;0,08;0,04;0,01;0,37;0,03;0,19;0,03;0,15;0,07;0,01;0,28;0,06;0,18;0,10;0,19;0,28;0,04;0,03;0,04;0,01;0,02;0,04;0,01;0,16;0,04;0,05;0,16;0,08;2,43;0,09;0,04
01/07/2005;165,90;0,09;0,14;0,02;0,61;0,03;0,30;0,10;0,42;0,51;0,04;0,50;0,09;0,30;0,27;0,45;0,42;0,15;0,01;0,16;0,01;0,04;0,05;0,02;0,20;0,01;0,09;0,30;0,10;4,10;0,10;0,05
01/08/2005;116,23;0,03;0,09;0,01;0,37;0,10;0,37;0,01;0,17;0,10;0,02;0,48;0,04;0,22;0,12;0,23;0,27;0,11;0,03;0,04;0,03;0,04;0,01;0,00;0,19;0,02;0,04;0,10;0,02;3,10;0,09;0,02
01/09/2005;103,81;0,01;0,04;0,01;0,38;0,02;0,28;0,00;0,11;0,06;0,01;0,33;0,01;0,20;0,03;0,24;0,30;0,15;0,03;0,03;0,01;0,03;0,01;0,00;0,11;0,00;0,03;0,12;0,05;2,84;0,05;0,04
01/10/2005;87,06;0,05;0,01;0,00;0,26;0,01;0,19;0,05;0,11;0,08;0,02;0,36;0,08;0,14;0,03;0,12;0,15;0,09;0,04;0,07;0,01;0,00;0,04;0,01;0,09;0,02;0,06;0,06;0,04;2,63;0,09;0,03
01/11/2005;83,48;0,05;0,05;0,04;0,39;0,02;0,25;0,02;0,16;0,09;0,05;0,28;0,14;0,18;0,11;0,17;0,20;0,05;0,03;0,02;0,03;0,03;0,05;0,02;0,10;0,02;0,03;0,04;0,07;2,32;0,11;0,02
01/12/2005;95,35;0,11;0,05;0,00;0,19;0,02;0,34;0,02;0,19;0,09;0,02;0,40;0,07;0,18;0,10;0,09;0,12;0,06;0,01;0,09;0,01;0,01;0,05;0,02;0,10;0,04;0,05;0,07;0,02;2,86;0,09;0,02
01/01/2006;94,51;0,07;0,07;0,02;0,66;0,03;0,51;0,02;0,16;0,07;0,03;0,63;0,08;0,29;0,05;0,12;0,26;0,04;0,04;0,04;0,02;0,02;0,01;0,00;0,11;0,02;0,02;0,08;0,02;2,73;0,10;0,05
01/02/2006;95,86;0,06;0,03;0,00;0,35;0,04;0,28;0,09;0,10;0,03;0,05;0,45;0,07;0,22;0,04;0,10;0,19;0,07;0,01;0,02;0,02;0,02;0,03;0,00;0,13;0,02;0,04;0,04;0,04;2,65;0,04;0,03
01/03/2006;92,80;0,04;0,04;0,03;0,58;0,04;0,27;0,04;0,11;0,07;0,05;0,50;0,07;0,35;0,05;0,15;0,25;0,05;0,01;0,08;0,00;0,01;0,03;0,00;0,13;0,01;0,06;0,08;0,04;2,80;0,04;0,04
01/04/2006;89,02;0,02;0,07;0,00;0,48;0,02;0,21;0,03;0,20;0,06;0,02;0,40;0,04;0,20;0,14;0,11;0,20;0,11;0,02;0,05;0,05;0,02;0,02;0,00;0,07;0,02;0,01;0,14;0,05;2,43;0,03;0,03
01/05/2006;85,21;0,05;0,05;0,03;0,62;0,07;0,40;0,04;0,18;0,07;0,04;0,49;0,08;0,15;0,09;0,10;0,20;0,15;0,04;0,08;0,01;0,00;0,02;0,02;0,08;0,03;0,02;0,11;0,04;2,65;0,05;0,03
01/06/2006;102,57;0,07;0,05;0,02;0,54;0,00;0,40;0,02;0,20;0,06;0,02;0,46;0,08;0,15;0,09;0,23;0,30;0,07;0,01;0,08;0,02;0,03;0,02;0,01;0,12;0,04;0,03;0,07;0,02;2,80;0,04;0,06
01/07/2006;137,13;0,15;0,03;0,01;0,68;0,03;0,40;0,06;0,44;0,10;0,08;0,72;0,03;0,33;0,33;0,49;0,61;0,18;0,03;0,04;0,02;0,01;0,02;0,00;0,20;0,04;0,02;0,10;0,03;3,59;0,07;0,02
01/08/2006;147,08;0,11;0,06;0,00;0,39;0,04;0,40;0,06;0,22;0,13;0,03;0,75;0,15;0,27;0,14;0,11;0,21;0,15;0,13;0,10;0,03;0,04;0,06;0,02;0,11;0,04;0,04;0,17;0,01;3,48;0,04;0,03
01/09/2006;111,72;0,11;0,08;0,02;0,46;0,02;0,59;0,11;0,12;0,17;0,07;0,66;0,12;0,21;0,30;0,19;0,23;0,19;0,05;0,10;0,02;0,03;0,07;0,01;0,18;0,04;0,10;0,15;0,05;3,43;0,12;0,07
01/10/2006;113,14;0,07;0,05;0,02;0,98;0,01;0,29;0,02;0,22;0,10;0,06;0,56;0,02;0,18;0,06;0,71;1,22;0,15;0,02;0,07;0,01;0,03;0,03;0,01;0,12;0,01;0,08;0,05;0,12;3,12;0,12;0,06
01/11/2006;88,78;0,03;0,02;0,02;0,43;0,02;0,19;0,00;0,15;0,12;0,02;0,36;0,06;0,22;0,13;0,23;0,39;0,09;0,01;0,04;0,02;0,02;0,02;0,01;0,13;0,04;0,04;0,09;0,02;2,51;0,22;0,06
01/12/2006;90,61;0,05;0,02;0,00;0,43;0,01;0,25;0,06;0,16;0,08;0,05;0,40;0,07;0,26;0,12;0,24;0,36;0,07;0,01;0,05;0,00;0,01;0,02;0,00;0,19;0,00;0,03;0,10;0,03;2,67;0,06;0,02
01/01/2007;97,92;0,10;0,05;0,00;0,40;0,05;0,20;0,01;0,22;0,06;0,05;0,31;0,09;0,16;0,09;0,16;0,29;0,22;0,01;0,04;0,05;0,08;0,02;0,00;0,18;0,02;0,05;0,07;0,05;3,15;0,09;0,06
01/02/2007;96,17;0,07;0,03;0,02;0,59;0,03;0,46;0,01;0,17;0,09;0,03;0,39;0,04;0,17;0,11;0,31;0,39;0,08;0,05;0,07;0,00;0,00;0,08;0,00;0,26;0,03;0,03;0,13;0,02;3,01;0,09;0,01
01/03/2007;87,34;0,06;0,05;0,01;0,44;0,06;0,26;0,01;0,17;0,06;0,02;0,31;0,08;0,12;0,08;0,20;0,32;0,11;0,02;0,05;0,01;0,04;0,03;0,00;0,27;0,00;0,05;0,08;0,03;2,55;0,08;0,08
01/04/2007;76,61;0,03;0,03;0,01;0,39;0,03;0,19;0,01;0,20;0,07;0,01;0,30;0,06;0,19;0,08;0,16;0,30;0,14;0,05;0,03;0,02;0,06;0,08;0,00;0,13;0,01;0,05;0,13;0,02;2,51;0,08;0,06
01/05/2007;92,60;0,05;0,02;0,00;0,36;0,04;0,22;0,01;0,22;0,06;0,00;0,34;0,05;0,14;0,11;0,12;0,14;0,11;0,00;0,03;0,01;0,01;0,07;0,01;0,15;0,02;0,04;0,13;0,02;2,92;0,08;0,06
01/06/2007;97,97;0,06;0,03;0,01;0,37;0,04;0,29;0,03;0,16;0,19;0,02;0,39;0,04;0,21;0,11;0,15;0,29;0,08;0,04;0,04;0,00;0,01;0,13;0,04;0,11;0,04;0,03;0,18;0,04;3,10;0,05;0,09
01/07/2007;112,35;0,05;0,04;0,00;0,29;0,05;0,22;0,03;0,18;0,12;0,03;0,33;0,05;0,36;0,10;0,17;0,36;0,16;0,03;0,04;0,05;0,04;0,05;0,01;0,19;0,03;0,02;0,19;0,01;3,16;0,08;0,04
01/08/2007;83,17;0,02;0,02;0,00;0,21;0,02;0,18;0,02;0,16;0,04;0,01;0,22;0,02;0,15;0,09;0,14;0,25;0,10;0,05;0,01;0,02;0,02;0,04;0,00;0,18;0,04;0,02;0,08;0,01;2,40;0,08;0,02
01/09/2007;94,49;0,02;0,02;0,01;0,55;0,03;0,25;0,02;0,14;0,07;0,03;0,38;0,06;0,20;0,07;0,23;0,40;0,07;0,01;0,05;0,01;0,02;0,03;0,02;0,17;0,02;0,08;0,17;0,04;2,98;0,07;0,03
01/10/2007;101,47;0,04;0,06;0,02;0,51;0,07;0,28;0,01;0,16;0,07;0,02;0,41;0,04;0,33;0,13;0,19;0,37;0,06;0,02;0,07;0,02;0,04;0,11;0,04;0,07;0,03;0,12;0,47;0,02;3,23;0,13;0,07
01/11/2007;89,80;0,06;0,03;0,02;0,39;0,00;0,15;0,01;0,08;0,07;0,02;0,40;0,01;0,29;0,10;0,15;0,19;0,06;0,01;0,04;0,01;0,02;0,03;0,01;0,11;0,00;0,03;0,26;0,02;2,55;0,06;0,03
01/12/2007;94,97;0,13;0,03;0,03;0,35;0,07;0,30;0,01;0,10;0,09;0,02;0,48;0,02;0,14;0,13;0,11;0,21;0,13;0,00;0,07;0,00;0,03;0,00;0,03;0,11;0,00;0,08;0,16;0,01;2,79;0,00;0,02
01/01/2008;81,50;0,03;0,06;0,01;0,32;0,04;0,22;0,01;0,20;0,10;0,01;0,35;0,05;0,28;0,07;0,16;0,20;0,07;0,02;0,04;0,00;0,04;0,03;0,01;0,16;0,01;0,03;0,05;0,04;2,69;0,05;0,05
01/02/2008;80,75;0,05;0,00;0,00;0,30;0,05;0,25;0,03;0,18;0,11;0,04;0,35;0,08;0,12;0,06;0,10;0,13;0,04;0,00;0,04;0,00;0,00;0,06;0,02;0,08;0,00;0,02;0,21;0,03;2,70;0,07;0,08
01/03/2008;77,64;0,07;0,08;0,02;0,33;0,21;0,14;0,00;0,19;0,06;0,02;0,32;0,08;0,15;0,06;0,10;0,12;0,07;0,02;0,06;0,01;0,00;0,06;0,01;0,10;0,01;0,04;0,17;0,09;2,32;0,07;0,03
01/04/2008;71,90;0,03;0,03;0,01;0,27;0,06;0,10;0,01;0,12;0,04;0,01;0,23;0,02;0,11;0,04;0,13;0,27;0,05;0,00;0,02;0,00;0,02;0,04;0,00;0,07;0,01;0,01;0,04;0,00;2,29;0,04;0,12
01/05/2008;72,57;0,04;0,04;0,02;0,47;0,10;0,20;0,01;0,15;0,04;0,03;0,23;0,04;0,21;0,09;0,11;0,23;0,07;0,02;0,05;0,02;0,00;0,03;0,00;0,19;0,04;0,11;0,12;0,03;2,19;0,06;0,09
01/06/2008;87,55;0,06;0,04;0,01;0,30;0,03;0,27;0,03;0,19;0,07;0,01;0,33;0,04;0,15;0,16;0,14;0,26;0,07;0,04;0,08;0,00;0,05;0,02;0,01;0,06;0,02;0,05;0,14;0,03;2,46;0,02;0,07
01/07/2008;89,74;0,05;0,05;0,01;0,55;0,12;0,45;0,00;0,14;0,08;0,05;0,64;0,04;0,27;0,08;0,26;0,24;0,06;0,02;0,06;0,01;0,02;0,05;0,00;0,08;0,02;0,07;0,20;0,02;2,78;0,07;0,15
01/08/2008;88,55;0,13;0,04;0,00;0,40;0,01;0,36;0,03;0,04;0,05;0,08;0,71;0,02;0,30;0,08;0,15;0,14;0,06;0,01;0,04;0,02;0,04;0,17;0,01;0,06;0,02;0,05;0,11;0,02;2,54;0,03;0,04
01/09/2008;88,54;0,05;0,04;0,03;0,41;0,08;0,32;0,03;0,06;0,07;0,02;0,42;0,05;0,33;0,06;0,19;0,37;0,10;0,03;0,05;0,01;0,04;0,10;0,02;0,02;0,04;0,06;0,05;0,06;2,66;0,06;0,03
01/10/2008;64,16;0,04;0,02;0,00;0,25;0,04;0,11;0,01;0,09;0,09;0,01;0,28;0,02;0,22;0,07;0,15;0,30;0,08;0,00;0,02;0,01;0,00;0,04;0,00;0,08;0,01;0,10;0,12;0,05;1,84;0,04;0,04
01/11/2008;79,08;0,07;0,04;0,01;0,28;0,10;0,14;0,02;0,11;0,06;0,08;0,33;0,06;0,33;0,10;0,12;0,17;0,08;0,06;0,06;0,04;0,00;0,18;0,02;0,11;0,02;0,04;0,10;0,01;2,28;0,02;0,06
01/12/2008;92,37;0,04;0,00;0,00;0,26;0,01;0,11;0,04;0,26;0,05;0,03;0,30;0,01;0,84;0,08;0,07;0,12;0,04;0,02;0,02;0,01;0,03;0,03;0,01;0,15;0,02;0,06;0,10;0,04;2,55;0,09;0,01
01/01/2009;85,37;0,04;0,01;0,00;0,26;0,01;0,11;0,04;0,74;0,07;0,00;0,45;0,07;0,23;0,09;0,09;0,10;0,04;0,00;0,07;0,01;0,01;0,04;0,02;0,22;0,02;0,05;0,11;0,03;2,14;0,02;0,01
01/02/2009;67,45;0,06;0,04;0,01;0,36;0,06;0,14;0,00;0,27;0,06;0,01;0,30;0,11;0,32;0,01;0,18;0,33;0,11;0,02;0,05;0,01;0,00;0,09;0,00;0,14;0,01;0,02;0,08;0,00;2,20;0,05;0,02
01/03/2009;72,64;0,08;0,02;0,01;0,25;0,01;0,15;0,00;0,15;0,05;0,02;0,23;0,03;0,24;0,05;0,13;0,18;0,12;0,02;0,03;0,00;0,02;0,13;0,02;0,06;0,03;0,03;0,08;0,02;2,00;0,02;0,03
01/04/2009;85,69;0,01;0,02;0,01;0,44;0,04;0,17;0,02;0,06;0,05;0,02;0,38;0,05;0,33;0,06;0,30;0,47;0,15;0,02;0,01;0,01;0,02;0,04;0,01;0,05;0,04;0,10;0,08;0,02;2,41;0,03;0,03
01/05/2009;89,68;0,05;0,01;0,00;0,33;0,02;0,07;0,00;0,12;0,08;0,00;0,31;0,02;0,28;0,09;0,35;0,53;0,09;0,00;0,04;0,01;0,00;0,04;0,01;0,13;0,01;0,05;0,08;0,00;2,71;0,08;0,01
01/06/2009;81,11;0,03;0,08;0,00;0,47;0,03;0,15;0,00;0,25;0,07;0,00;0,40;0,03;0,18;0,12;0,18;0,55;0,10;0,00;0,06;0,03;0,02;0,04;0,00;0,11;0,00;0,01;0,08;0,02;2,51;0,03;0,01
01/07/2009;83,44;0,09;0,01;0,00;0,45;0,07;0,10;0,02;0,12;0,04;0,00;0,38;0,09;0,23;0,19;0,25;0,47;0,09;0,06;0,08;0,01;0,01;0,08;0,00;0,08;0,04;0,10;0,06;0,02;2,39;0,06;0,03
01/08/2009;73,37;0,01;0,04;0,01;0,38;0,06;0,12;0,01;0,06;0,02;0,00;0,27;0,09;0,13;0,02;0,14;0,39;0,21;0,02;0,02;0,01;0,01;0,02;0,00;0,02;0,02;0,07;0,04;0,02;2,11;0,01;0,01
01/09/2009;92,84;0,07;0,06;0,02;0,62;0,03;0,48;0,03;0,12;0,10;0,01;0,60;0,04;0,23;0,06;0,12;0,34;0,13;0,02;0,01;0,01;0,05;0,20;0,01;0,09;0,06;0,04;0,09;0,02;2,62;0,06;0,09
01/10/2009;90,58;0,05;0,10;0,01;0,46;0,01;0,26;0,09;0,14;0,03;0,01;0,48;0,03;0,38;0,05;0,19;0,30;0,13;0,02;0,06;0,00;0,02;0,13;0,03;0,11;0,01;0,04;0,12;0,05;2,78;0,07;0,05
01/11/2009;82,10;0,12;0,11;0,02;0,38;0,09;0,17;0,09;0,14;0,06;0,00;0,27;0,05;0,22;0,04;0,13;0,27;0,12;0,01;0,04;0,01;0,03;0,00;0,03;0,16;0,03;0,03;0,12;0,03;2,32;0,02;0,02
01/12/2009;92,95;0,10;0,05;0,00;0,44;0,02;0,21;0,20;0,13;0,08;0,02;0,40;0,03;0,34;0,11;0,20;0,28;0,05;0,02;0,25;0,00;0,05;0,04;0,00;0,14;0,03;0,03;0,07;0,00;2,97;0,09;0,02
01/01/2010;91,58;0,02;0,07;0,01;0,47;0,07;0,22;0,11;0,14;0,04;0,01;0,37;0,05;0,20;0,04;0,18;0,23;0,12;0,00;0,18;0,00;0,02;0,00;0,00;0,22;0,02;0,04;0,15;0,13;2,81;0,03;0,00
01/02/2010;80,73;0,03;0,06;0,02;0,58;0,03;0,29;0,02;0,12;0,08;0,01;0,29;0,02;0,24;0,06;0,08;0,23;0,08;0,01;0,08;0,03;0,01;0,02;0,01;0,20;0,03;0,07;0,23;0,13;2,47;0,01;0,01
01/03/2010;74,12;0,03;0,07;0,04;0,39;0,04;0,17;0,04;0,09;0,05;0,00;0,28;0,04;0,22;0,04;0,15;0,21;0,12;0,01;0,09;0,00;0,02;0,03;0,01;0,11;0,05;0,07;0,08;0,05;2,11;0,02;0,03
01/04/2010;88,76;0,07;0,08;0,11;0,63;0,02;0,21;0,04;0,11;0,10;0,02;0,26;0,02;0,28;0,07;0,09;0,51;0,21;0,04;0,08;0,00;0,02;0,08;0,01;0,10;0,04;0,18;0,16;0,09;2,55;0,02;0,07
01/05/2010;88,96;0,06;0,23;0,00;0,67;0,04;0,18;0,02;0,15;0,18;0,04;0,36;0,05;0,31;0,06;0,27;0,49;0,16;0,02;0,03;0,03;0,01;0,06;0,05;0,05;0,08;0,17;0,29;0,01;2,94;0,05;0,02
01/06/2010;96,45;0,13;0,24;0,03;0,44;0,07;0,18;0,02;0,44;0,03;0,05;0,32;0,03;0,16;0,07;0,16;0,30;0,31;0,03;0,06;0,05;0,02;0,08;0,01;0,11;0,10;0,02;0,92;0,06;3,27;0,05;0,02
01/07/2010;79,38;0,06;0,06;0,00;0,24;0,10;0,22;0,00;0,10;0,15;0,00;0,26;0,02;0,24;0,07;0,05;0,22;0,23;0,00;0,06;0,05;0,01;0,02;0,05;0,05;0,03;0,06;0,30;0,01;2,32;0,08;0,05
01/08/2010;80,99;0,01;0,07;0,04;0,39;0,11;0,25;0,05;0,13;0,08;0,00;0,26;0,06;0,23;0,12;0,16;0,24;0,12;0,01;0,07;0,00;0,04;0,07;0,05;0,11;0,01;0,04;0,25;0,05;2,59;0,06;0,02
01/09/2010;71,17;0,03;0,05;0,01;0,38;0,05;0,23;0,01;0,09;0,11;0,03;0,22;0,02;0,16;0,02;0,24;0,20;0,13;0,00;0,06;0,03;0,05;0,05;0,01;0,03;0,02;0,02;0,11;0,05;2,22;0,09;0,02
01/10/2010;65,99;0,11;0,03;0,03;0,33;0,03;0,26;0,03;0,08;0,04;0,01;0,37;0,10;0,13;0,13;0,17;0,22;0,15;0,00;0,07;0,00;0,01;0,02;0,01;0,16;0,03;0,02;0,10;0,05;2,01;0,07;0,03
01/11/2010;94,71;0,07;0,07;0,04;0,70;0,11;0,48;0,07;0,13;0,13;0,02;0,37;0,08;0,27;0,06;0,26;0,64;0,15;0,01;0,06;0,02;0,01;0,10;0,27;0,31;0,05;0,08;0,23;0,02;2,87;0,06;0,04
01/12/2010;97,20;0,06;0,11;0,04;0,56;0,04;0,41;0,05;0,13;0,12;0,01;0,43;0,01;0,26;0,13;0,24;0,57;0,25;0,00;0,08;0,00;0,02;0,06;0,05;0,14;0,15;0,05;0,21;0,05;2,79;0,04;0,07
01/01/2011;79,42;0,02;0,07;0,01;0,48;0,02;0,34;0,02;0,21;0,05;0,01;0,41;0,04;0,15;0,08;0,12;0,23;0,08;0,00;0,05;0,02;0,00;0,01;0,02;0,06;0,00;0,02;0,28;0,06;2,30;0,06;0,01
01/02/2011;90,01;0,09;0,04;0,00;0,37;0,00;0,29;0,01;1,17;0,08;0,00;0,42;0,01;0,22;0,18;0,08;0,11;0,09;0,03;0,09;0,00;0,00;0,01;0,01;0,25;0,01;0,09;0,17;0,01;2,42;0,03;0,05
01/03/2011;136,89;0,25;0,17;0,04;0,44;0,03;0,52;0,06;0,93;0,12;0,04;1,17;0,02;0,23;0,37;0,48;0,11;0,13;0,02;0,08;0,02;0,04;0,02;0,04;0,44;0,02;0,04;0,26;0,01;3,51;0,07;0,04
01/04/2011;91,02;0,15;0,04;0,00;0,27;0,01;0,18;0,05;0,50;0,09;0,04;0,73;0,04;0,13;0,32;0,21;0,18;0,05;0,00;0,06;0,02;0,04;0,01;0,01;0,23;0,04;0,08;0,13;0,01;2,63;0,02;0,12
01/05/2011;105,34;0,09;0,01;0,00;0,24;0,01;0,17;0,03;0,51;0,03;0,00;0,45;0,05;0,30;0,30;0,14;0,11;0,10;0,00;0,03;0,03;0,01;0,01;0,01;0,23;0,00;0,02;0,20;0,01;3,17;0,03;0,05
01/06/2011;84,39;0,08;0,04;0,02;0,37;0,00;0,32;0,06;0,42;0,11;0,04;0,41;0,05;0,22;0,25;0,09;0,14;0,15;0,04;0,13;0,01;0,04;0,07;0,05;0,33;0,04;0,06;0,43;0,02;2,74;0,06;0,09
01/07/2011;78,92;0,06;0,04;0,01;0,35;0,01;0,15;0,04;0,24;0,01;0,04;0,38;0,09;0,22;0,14;0,19;0,20;0,18;0,00;0,05;0,01;0,05;0,01;0,00;0,12;0,02;0,04;0,26;0,06;2,33;0,04;0,04
01/08/2011;86,95;0,06;0,07;0,00;0,37;0,01;0,16;0,01;0,45;0,05;0,00;0,45;0,01;0,11;0,20;0,11;0,17;0,04;0,00;0,04;0,00;0,00;0,01;0,02;0,25;0,01;0,00;0,52;0,02;2,47;0,00;0,08
01/09/2011;83,35;0,05;0,06;0,01;0,28;0,05;0,16;0,01;0,40;0,05;0,04;0,40;0,05;0,19;0,08;0,08;0,08;0,09;0,05;0,04;0,02;0,00;0,06;0,04;0,19;0,02;0,00;0,50;0,04;2,44;0,01;0,09
01/10/2011;76,34;0,08;0,04;0,04;0,37;0,02;0,08;0,01;0,36;0,06;0,05;0,29;0,02;0,21;0,11;0,05;0,15;0,26;0,00;0,00;0,00;0,01;0,00;0,02;0,33;0,00;0,05;0,25;0,00;2,20;0,01;0,05
01/11/2011;83,16;0,08;0,01;0,00;0,53;0,05;0,23;0,00;0,45;0,02;0,02;0,50;0,10;0,10;0,10;0,17;0,17;0,07;0,01;0,00;0,01;0,06;0,02;0,03;0,31;0,02;0,02;0,53;0,01;2,52;0,06;0,03
01/12/2011;85,34;0,12;0,04;0,01;0,60;0,01;0,25;0,01;0,31;0,10;0,04;0,35;0,01;0,22;0,10;0,23;0,46;0,10;0,00;0,10;0,01;0,01;0,02;0,00;0,28;0,06;0,02;0,37;0,02;2,58;0,04;0,01
01/01/2012;79,63;0,06;0,03;0,00;0,69;0,02;0,21;0,05;0,31;0,12;0,01;0,39;0,02;0,24;0,09;0,24;0,38;0,09;0,00;0,03;0,00;0,05;0,01;0,02;0,25;0,01;0,08;0,29;0,03;2,39;0,02;0,02
01/02/2012;92,45;0,13;0,00;0,00;0,83;0,04;0,24;0,05;0,44;0,07;0,01;0,57;0,00;0,37;0,09;0,10;0,26;0,13;0,05;0,09;0,01;0,00;0,02;0,02;0,32;0,01;0,13;0,42;0,02;2,60;0,02;0,05
01/03/2012;88,76;0,10;0,03;0,00;0,67;0,02;0,19;0,02;0,29;0,07;0,02;0,44;0,01;0,16;0,07;0,16;0,28;0,08;0,02;0,06;0,00;0,01;0,10;0,02;0,27;0,02;0,06;0,43;0,00;2,63;0,04;0,06
01/04/2012;96,02;0,09;0,05;0,01;0,92;0,09;0,42;0,00;0,26;0,07;0,00;0,58;0,01;0,23;0,01;0,19;0,41;0,11;0,02;0,05;0,01;0,07;0,02;0,00;0,22;0,01;0,05;0,72;0,02;2,68;0,05;0,08
01/05/2012;78,17;0,05;0,02;0,00;0,58;0,07;0,31;0,00;0,14;0,05;0,00;0,40;0,00;0,20;0,12;0,18;0,31;0,07;0,00;0,02;0,01;0,05;0,07;0,04;0,20;0,00;0,01;0,35;0,05;2,43;0,04;0,04
01/06/2012;77,82;0,02;0,04;0,00;0,55;0,00;0,26;0,02;0,23;0,04;0,01;0,43;0,05;0,10;0,02;0,09;0,10;0,06;0,02;0,01;0,00;0,04;0,04;0,00;0,22;0,02;0,01;0,51;0,02;2,06;0,04;0,02
01/07/2012;82,81;0,04;0,05;0,01;0,56;0,08;0,27;0,00;0,35;0,05;0,01;0,48;0,01;0,22;0,08;0,11;0,18;0,16;0,01;0,04;0,01;0,07;0,04;0,00;0,25;0,04;0,05;0,61;0,06;2,36;0,06;0,04
01/08/2012;74,88;0,03;0,01;0,01;0,45;0,02;0,15;0,00;0,38;0,05;0,01;0,37;0,06;0,21;0,07;0,17;0,13;0,09;0,00;0,05;0,00;0,03;0,01;0,01;0,49;0,05;0,05;0,61;0,02;2,30;0,06;0,03
01/09/2012;69,28;0,01;0,05;0,02;0,39;0,02;0,16;0,02;0,46;0,06;0,00;0,29;0,06;0,21;0,02;0,10;0,16;0,10;0,02;0,02;0,05;0,05;0,00;0,02;0,25;0,02;0,03;0,37;0,05;2,10;0,05;0,03
01/10/2012;81,66;0,11;0,00;0,00;0,36;0,01;0,14;0,01;0,27;0,08;0,01;0,38;0,02;0,09;0,04;0,08;0,10;0,13;0,02;0,06;0,01;0,06;0,02;0,02;0,21;0,03;0,02;0,45;0,02;2,37;0,03;0,00
01/11/2012;81,39;0,02;0,01;0,01;0,33;0,01;0,12;0,00;0,58;0,01;0,00;0,29;0,04;0,10;0,04;0,11;0,12;0,02;0,03;0,03;0,00;0,08;0,00;0,00;0,14;0,00;0,03;0,36;0,05;2,32;0,05;0,03
01/12/2012;74,83;0,10;0,02;0,00;0,30;0,02;0,18;0,02;0,32;0,03;0,02;0,39;0,00;0,11;0,05;0,14;0,20;0,08;0,02;0,05;0,00;0,06;0,00;0,01;0,10;0,05;0,01;0,46;0,00;2,28;0,02;0,02
01/01/2013;90,66;0,06;0,00;0,00;0,46;0,02;0,29;0,05;0,26;0,06;0,01;0,79;0,02;0,13;0,10;0,23;0,28;0,10;0,03;0,14;0,01;0,06;0,02;0,03;0,09;0,01;0,06;0,33;0,01;2,45;0,06;0,06
01/02/2013;81,59;0,10;0,01;0,00;0,52;0,01;0,35;0,00;0,38;0,01;0,00;0,66;0,00;0,15;0,17;0,23;0,45;0,06;0,01;0,02;0,00;0,01;0,01;0,00;0,16;0,01;0,06;0,24;0,01;2,55;0,07;0,00
01/03/2013;75,90;0,04;0,04;0,00;0,38;0,02;0,11;0,02;0,10;0,03;0,04;0,32;0,01;0,12;0,13;0,12;0,48;0,09;0,00;0,02;0,02;0,04;0,02;0,02;0,24;0,08;0,01;0,40;0,00;1,93;0,04;0,04
01/04/2013;95,11;0,06;0,01;0,01;0,58;0,01;0,15;0,01;0,14;0,06;0,01;0,42;0,03;0,16;0,08;0,39;0,76;0,03;0,01;0,02;0,00;0,05;0,03;0,00;0,17;0,01;0,01;0,34;0,01;2,73;0,06;0,01
01/05/2013;83,72;0,10;0,02;0,01;0,33;0,04;0,17;0,01;0,16;0,05;0,02;0,44;0,00;0,13;0,12;0,19;0,30;0,07;0,00;0,03;0,01;0,02;0,02;0,00;0,16;0,03;0,04;0,27;0,01;2,54;0,01;0,01
01/06/2013;82,97;0,09;0,03;0,00;0,46;0,02;0,27;0,05;0,13;0,01;0,06;0,27;0,00;0,15;0,07;0,14;0,30;0,08;0,01;0,07;0,00;0,07;0,01;0,00;0,24;0,02;0,05;0,27;0,01;2,52;0,07;0,02
01/07/2013;73,98;0,08;0,05;0,01;0,40;0,04;0,20;0,01;0,42;0,06;0,01;0,34;0,00;0,13;0,10;0,11;0,23;0,10;0,01;0,05;0,01;0,02;0,02;0,00;0,10;0,06;0,01;0,22;0,00;2,03;0,05;0,08
01/08/2013;90,96;0,05;0,05;0,00;0,30;0,02;0,21;0,00;0,47;0,02;0,01;0,46;0,01;0,14;0,06;0,07;0,20;0,04;0,00;0,05;0,01;0,02;0,01;0,02;0,22;0,04;0,00;0,32;0,00;2,45;0,07;0,01
01/09/2013;100,46;0,06;0,08;0,01;0,48;0,03;0,27;0,02;0,39;0,09;0,03;0,64;0,06;0,09;0,12;0,14;0,23;0,09;0,03;0,09;0,01;0,07;0,03;0,00;0,32;0,08;0,03;0,34;0,01;3,02;0,05;0,06
01/10/2013;72,95;0,08;0,04;0,02;0,44;0,01;0,27;0,00;0,29;0,03;0,02;0,49;0,12;0,17;0,12;0,15;0,22;0,11;0,07;0,04;0,01;0,03;0,01;0,01;0,15;0,04;0,03;0,30;0,01;2,29;0,04;0,06
01/11/2013;77,78;0,01;0,09;0,00;0,64;0,02;0,53;0,02;0,20;0,02;0,01;0,62;0,01;0,20;0,02;0,18;0,16;0,05;0,01;0,05;0,00;0,05;0,01;0,00;0,50;0,04;0,01;0,18;0,02;2,42;0,04;0,04
01/12/2013;70,37;0,07;0,05;0,00;0,42;0,01;0,20;0,05;0,16;0,06;0,00;0,37;0,02;0,07;0,10;0,19;0,24;0,08;0,00;0,04;0,01;0,04;0,05;0,01;0,20;0,04;0,05;0,20;0,02;2,44;0,00;0,12
01/01/2014;77,92;0,06;0,01;0,00;0,28;0,00;0,27;0,06;0,17;0,06;0,01;0,33;0,01;0,07;0,09;0,08;0,19;0,08;0,01;0,02;0,01;0,02;0,04;0,01;0,12;0,06;0,00;0,27;0,00;2,51;0,07;0,05
01/02/2014;69,00;0,16;0,02;0,01;0,41;0,01;0,46;0,01;0,16;0,11;0,00;0,54;0,11;0,11;0,10;0,07;0,20;0,09;0,01;0,05;0,05;0,05;0,09;0,00;0,19;0,02;0,01;0,21;0,02;2,20;0,05;0,05
01/03/2014;119,84;0,38;0,07;0,02;0,74;0,00;0,83;0,03;0,20;0,08;0,01;0,81;0,10;0,33;0,29;0,20;0,25;0,07;0,21;0,18;0,02;0,02;0,47;0,00;0,18;0,10;0,17;0,38;0,02;3,24;0,13;0,06
01/04/2014;93,22;0,14;0,00;0,01;0,40;0,01;0,53;0,05;0,06;0,04;0,00;0,54;0,01;0,08;0,10;0,22;0,24;0,04;0,10;0,06;0,06;0,13;0,22;0,00;0,08;0,10;0,04;0,12;0,01;2,67;0,02;0,01
01/05/2014;83,43;0,07;0,01;0,00;0,48;0,01;0,45;0,01;0,20;0,05;0,01;0,41;0,00;0,13;0,14;0,18;0,14;0,03;0,03;0,00;0,02;0,07;0,09;0,00;0,14;0,01;0,07;0,20;0,02;2,51;0,07;0,02
01/06/2014;98,77;0,26;0,06;0,00;0,26;0,01;0,37;0,05;0,12;0,05;0,06;0,61;0,01;0,13;0,06;0,06;0,16;0,07;0,04;0,04;0,00;0,01;0,07;0,00;0,25;0,02;0,04;0,29;0,00;2,85;0,05;0,05
01/07/2014;138,75;0,24;0,08;0,00;0,52;0,01;0,82;0,01;0,61;0,04;0,04;1,00;0,06;0,16;0,14;0,12;0,12;0,07;0,79;0,42;0,02;0,06;0,05;0,00;0,12;0,02;0,06;0,25;0,00;3,59;0,06;0,04
01/08/2014;136,45;0,08;0,06;0,01;0,25;0,02;0,55;0,04;0,51;0,06;0,04;0,55;0,01;0,13;0,08;0,13;0,08;0,08;0,24;0,19;0,13;0,06;0,12;0,02;0,21;0,04;0,01;0,34;0,02;3,20;0,12;0,00
01/09/2014;131,56;0,19;0,01;0,01;0,38;0,00;0,55;0,05;0,25;0,04;0,02;0,84;0,05;0,17;0,25;0,18;0,06;0,08;0,13;0,12;0,12;0,07;0,24;0,01;0,62;0,02;0,00;0,57;0,04;3,62;0,06;0,01
01/10/2014;83,66;0,09;0,02;0,00;0,25;0,01;0,26;0,01;0,22;0,09;0,04;0,40;0,01;0,17;0,07;0,06;0,11;0,04;0,03;0,01;0,01;0,03;0,03;0,01;0,17;0,10;0,01;0,46;0,02;2,39;0,04;0,01
01/11/2014;84,38;0,08;0,01;0,00;0,47;0,02;0,37;0,01;0,08;0,05;0,02;0,47;0,02;0,19;0,07;0,18;0,16;0,05;0,07;0,05;0,01;0,02;0,05;0,00;0,27;0,02;0,04;0,30;0,01;2,41;0,04;0,02
01/12/2014;86,53;0,08;0,05;0,03;0,28;0,05;0,30;0,00;0,14;0,10;0,04;0,25;0,04;0,23;0,14;0,14;0,15;0,06;0,06;0,05;0,03;0,06;0,05;0,01;0,19;0,06;0,04;0,18;0,01;2,43;0,08;0,10
01/01/2015;111,99;0,25;0,03;0,01;0,34;0,00;0,50;0,01;0,10;0,21;0,05;1,54;0,01;0,27;0,08;0,22;0,19;0,12;0,03;0,03;0,00;0,05;0,03;0,03;0,27;0,00;0,01;0,31;0,03;3,19;0,04;0,04
01/02/2015;111,92;0,17;0,03;0,00;0,45;0,07;0,77;0,10;0,35;0,21;0,01;1,16;0,03;0,18;0,18;0,22;0,14;0,07;0,00;0,01;0,01;0,00;0,07;0,00;0,43;0,01;0,00;0,32;0,01;3,37;0,03;0,06
01/03/2015;104,24;0,13;0,01;0,00;0,56;0,00;0,71;0,02;0,49;0,07;0,01;0,75;0,00;0,12;0,02;0,09;0,15;0,06;0,01;0,04;0,01;0,01;0,00;0,00;0,60;0,01;0,07;0,26;0,01;3,34;0,07;0,05
01/04/2015;102,19;0,08;0,06;0,01;0,47;0,06;0,43;0,03;0,28;0,08;0,04;0,64;0,03;0,20;0,29;0,18;0,19;0,06;0,04;0,01;0,01;0,06;0,04;0,01;0,86;0,05;0,01;0,26;0,01;3,17;0,09;0,03
01/05/2015;76,26;0,04;0,01;0,00;0,34;0,05;0,19;0,06;0,27;0,09;0,00;0,48;0,07;0,11;0,07;0,15;0,17;0,04;0,07;0,02;0,01;0,07;0,06;0,00;0,56;0,06;0,05;0,14;0,02;2,30;0,09;0,02
01/06/2015;85,91;0,08;0,01;0,00;0,39;0,01;0,39;0,00;0,13;0,10;0,00;0,56;0,05;0,14;0,19;0,08;0,19;0,05;0,01;0,03;0,01;0,00;0,13;0,01;0,47;0,08;0,01;0,36;0,01;2,69;0,04;0,10
01/07/2015;106,81;0,12;0,08;0,04;0,82;0,01;0,67;0,01;0,18;0,07;0,01;0,74;0,01;0,20;0,17;0,07;0,09;0,12;0,03;0,03;0,00;0,03;0,00;0,03;0,53;0,00;0,05;0,50;0,00;3,35;0,07;0,04
01/08/2015;82,48;0,11;0,03;0,00;0,54;0,01;0,47;0,04;0,26;0,14;0,00;0,56;0,01;0,11;0,14;0,19;0,19;0,04;0,04;0,14;0,01;0,01;0,01;0,00;0,23;0,00;0,06;0,43;0,03;2,90;0,04;0,06
01/09/2015;98,77;0,13;0,03;0,03;0,53;0,01;0,70;0,07;0,27;0,13;0,04;0,70;0,03;0,07;0,21;0,12;0,13;0,13;0,00;0,16;0,00;0,01;0,11;0,03;0,52;0,20;0,03;0,64;0,03;3,33;0,08;0,11
01/10/2015;91,93;0,19;0,00;0,01;0,33;0,01;0,39;0,02;0,24;0,07;0,02;0,48;0,00;0,10;0,11;0,09;0,10;0,01;0,04;0,02;0,01;0,06;0,01;0,05;0,44;0,01;0,00;0,73;0,01;3,14;0,06;0,01
01/11/2015;150,72;0,55;0,04;0,03;0,59;0,09;0,72;0,07;0,67;0,05;0,00;2,89;0,05;0,33;0,22;0,16;0,12;0,17;0,24;0,22;0,04;0,16;0,13;0,04;0,38;0,11;0,03;1,04;0,03;4,14;0,12;0,04
01/12/2015;148,24;0,26;0,12;0,01;0,52;0,01;0,50;0,10;0,40;0,11;0,04;2,29;0,01;0,33;0,19;0,15;0,16;0,16;0,04;0,07;0,05;0,01;0,12;0,04;0,56;0,07;0,00;0,71;0,03;4,61;0,08;0,11
01/01/2016;118,21;0,16;0,11;0,01;0,57;0,01;0,43;0,09;0,18;0,01;0,04;0,99;0,16;0,26;0,15;0,28;0,43;0,14;0,09;0,05;0,00;0,03;0,07;0,00;0,46;0,18;0,04;0,55;0,08;3,40;0,04;0,04
01/02/2016;103,75;0,23;0,01;0,01;0,55;0,00;0,59;0,04;0,06;0,10;0,00;0,76;0,01;0,07;0,10;0,23;0,42;0,11;0,01;0,06;0,00;0,04;0,11;0,01;0,34;0,11;0,00;0,62;0,00;3,00;0,01;0,01
01/03/2016;109,72;1,06;0,07;0,01;0,51;0,01;0,56;0,04;0,17;0,15;0,01;1,00;0,03;0,19;0,19;0,37;0,52;0,20;0,01;0,23;0,03;0,08;0,08;0,01;0,28;0,12;0,00;0,63;0,05;3,28;0,04;0,03
01/04/2016;85,22;0,56;0,01;0,00;0,38;0,01;0,35;0,03;0,18;0,07;0,01;0,87;0,01;0,14;0,18;0,38;0,42;0,14;0,03;0,10;0,00;0,08;0,13;0,03;0,37;0,03;0,00;0,46;0,01;3,05;0,06;0,00
01/05/2016;88,33;0,23;0,11;0,01;0,53;0,01;0,33;0,00;0,33;0,04;0,00;0,67;0,03;0,06;0,17;0,27;0,36;0,16;0,03;0,06;0,01;0,14;0,10;0,03;0,33;0,01;0,09;0,34;0,06;2,70;0,20;0,01
01/06/2016;90,17;0,32;0,00;0,03;0,31;0,03;0,32;0,03;0,15;0,06;0,03;0,72;0,00;0,20;0,23;0,18;0,23;0,08;0,00;0,08;0,00;0,05;0,11;0,02;0,21;0,09;0,00;0,50;0,02;2,57;0,06;0,02
01/07/2016;114,61;0,32;0,04;0,00;0,39;0,01;0,63;0,06;0,14;0,24;0,04;1,07;0,03;0,38;0,26;0,29;0,29;0,07;0,08;0,11;0,01;0,08;0,28;0,01;0,29;0,04;0,04;0,79;0,03;3,16;0,04;0,01
01/08/2016;98,74;0,16;0,03;0,03;0,30;0,07;0,27;0,04;0,19;0,09;0,01;0,63;0,06;0,19;0,07;0,18;0,25;0,07;0,06;0,09;0,01;0,07;0,06;0,01;0,27;0,12;0,04;0,70;0,01;2,77;0,12;0,03
01/09/2016;104,55;0,18;0,03;0,03;0,73;0,08;0,31;0,01;0,16;0,04;0,00;0,79;0,08;0,18;0,08;0,42;0,62;0,24;0,04;0,08;0,01;0,10;0,06;0,01;0,37;0,03;0,04;0,59;0,03;3,31;0,13;0,03
01/10/2016;85,75;0,27;0,04;0,03;0,26;0,16;0,31;0,04;0,18;0,15;0,01;0,81;0,00;0,24;0,16;0,07;0,14;0,14;0,01;0,07;0,01;0,07;0,07;0,03;0,38;0,07;0,04;0,46;0,03;2,71;0,05;0,05
01/11/2016;82,92;0,10;0,03;0,00;0,46;0,03;0,43;0,04;0,07;0,07;0,03;0,66;0,07;0,19;0,13;0,29;0,29;0,16;0,07;0,04;0,06;0,11;0,17;0,04;0,14;0,04;0,03;0,49;0,03;2,52;0,10;0,01
01/12/2016;102,18;0,23;0,04;0,01;0,60;0,03;0,61;0,01;0,27;0,06;0,01;0,83;0,01;0,19;0,14;0,20;0,46;0,13;0,03;0,06;0,03;0,10;0,11;0,04;0,21;0,09;0,00;0,70;0,23;3,05;0,04;0,00
01/01/2017;105,20;0,06;0,05;0,03;0,69;0,01;0,39;0,00;0,30;0,04;0,01;0,62;0,05;0,17;0,09;0,21;0,42;0,27;0,06;0,12;0,04;0,14;0,04;0,03;0,36;0,05;0,00;0,65;0,06;3,10;0,09;0,01
01/02/2017;114,21;0,25;0,00;0,01;0,85;0,00;0,62;0,01;0,16;0,09;0,00;0,55;0,07;0,22;0,12;0,53;0,70;0,43;0,16;0,09;0,01;0,10;0,07;0,00;0,36;0,12;0,00;0,40;0,07;3,55;0,12;0,03
01/03/2017;96,64;0,12;0,03;0,00;0,76;0,03;0,29;0,00;0,16;0,03;0,04;0,52;0,05;0,22;0,07;0,46;0,68;0,18;0,16;0,13;0,00;0,05;0,05;0,03;0,26;0,13;0,04;0,38;0,14;2,86;0,07;0,04
01/04/2017;119,46;0,18;0,01;0,00;1,03;0,03;0,40;0,04;0,21;0,03;0,05;0,82;0,05;0,21;0,19;0,32;0,86;0,10;0,04;0,21;0,01;0,04;0,04;0,03;0,21;0,08;0,00;0,56;0,07;3,30;0,07;0,01
01/05/2017;102,58;0,25;0,04;0,00;0,69;0,05;0,45;0,04;0,25;0,08;0,04;0,61;0,05;0,08;0,22;0,26;0,69;0,11;0,08;0,11;0,01;0,23;0,05;0,00;0,59;0,07;0,07;0,31;0,08;2,83;0,11;0,01
01/06/2017;126,79;0,26;0,03;0,01;0,58;0,00;0,56;0,01;0,46;0,12;0,01;0,87;0,04;0,28;0,13;0,24;0,48;0,15;0,04;0,04;0,01;0,16;0,07;0,00;0,77;0,12;0,04;0,43;0,04;3,77;0,03;0,01
01/07/2017;102,81;0,18;0,03;0,01;0,94;0,06;0,68;0,00;0,31;0,10;0,00;0,60;0,01;0,18;0,08;0,55;1,18;0,25;0,01;0,01;0,01;0,06;0,42;0,01;0,39;0,04;0,04;0,40;0,17;3,12;0,03;0,01
01/08/2017;138,53;0,14;0,04;0,06;1,21;0,11;0,47;0,09;0,13;0,30;0,07;0,62;0,03;0,21;0,14;0,72;1,62;0,16;0,03;0,09;0,01;0,23;0,09;0,07;0,24;0,09;0,03;0,21;0,07;3,86;0,07;0,03
01/09/2017;115,53;0,10;0,10;0,03;1,28;0,00;0,36;0,04;0,19;0,21;0,00;0,71;0,05;0,32;0,10;0,78;1,56;0,26;0,08;0,08;0,05;0,04;0,04;0,00;0,14;0,10;0,01;0,26;0,01;3,40;0,03;0,08
01/10/2017;91,46;0,13;0,01;0,00;0,65;0,03;0,44;0,01;0,23;0,09;0,03;0,71;0,00;0,17;0,08;0,28;0,79;0,13;0,04;0,04;0,01;0,12;0,03;0,03;0,28;0,09;0,05;0,45;0,01;2,75;0,13;0,05
01/11/2017;92,60;0,09;0,04;0,00;0,57;0,00;0,24;0,03;0,20;0,07;0,01;0,44;0,01;0,06;0,07;0,34;0,61;0,04;0,03;0,07;0,00;0,11;0,01;0,03;0,47;0,03;0,03;0,21;0,03;2,19;0,10;0,04
01/12/2017;82,72;0,15;0,04;0,00;0,65;0,01;0,15;0,00;0,22;0,10;0,00;0,39;0,00;0,15;0,10;0,36;0,70;0,10;0,01;0,04;0,01;0,01;0,01;0,03;0,26;0,00;0,01;0,26;0,01;2,28;0,04;0,06
01/01/2018;92,43;0,14;0,02;0,02;0,57;0,05;0,30;0,03;0,14;0,00;0,00;0,53;0,11;0,15;0,05;0,15;0,57;0,14;0,03;0,08;0,05;0,06;0,02;0,00;0,24;0,11;0,05;0,56;0,02;2,46;0,09;0,06
01/02/2018;64,49;0,06;0,02;0,00;0,38;0,03;0,26;0,02;0,14;0,03;0,00;0,40;0,00;0,08;0,05;0,14;0,34;0,08;0,00;0,00;0,02;0,00;0,05;0,00;0,15;0,09;0,03;0,48;0,05;2,08;0,03;0,02
01/03/2018;111,96;0,22;0,12;0,04;0,78;0,01;0,51;0,01;0,11;0,07;0,01;0,76;0,00;0,10;0,11;0,37;0,93;0,19;0,06;0,04;0,04;0,00;0,15;0,00;0,24;0,08;0,01;0,24;0,01;2,73;0,10;0,00
01/04/2018;123,26;0,14;0,06;0,01;0,68;0,01;0,39;0,00;0,13;0,01;0,01;0,79;0,03;0,13;0,01;0,19;0,72;0,22;0,07;0,09;0,04;0,04;0,01;0,00;0,30;0,06;0,00;0,45;0,01;2,76;0,04;0,03
01/05/2018;125,67;0,24;0,04;0,00;1,40;0,01;0,68;0,10;0,11;0,03;0,00;0,95;0,06;0,19;0,13;0,44;1,23;0,19;0,09;0,07;0,01;0,10;0,06;0,00;0,33;0,01;0,01;0,20;0,04;2,99;0,09;0,00
01/06/2018;103,97;0,23;0,01;0,01;0,84;0,01;0,44;0,04;0,11;0,03;0,10;0,53;0,01;0,13;0,16;0,48;1,22;0,27;0,04;0,03;0,06;0,03;0,07;0,03;0,18;0,07;0,03;0,13;0,03;2,77;0,11;0,04
01/07/2018;110,03;0,42;0,03;0,01;0,58;0,00;0,42;0,04;0,09;0,01;0,57;0,31;0,04;0,16;0,07;0,29;0,70;0,16;0,04;0,04;0,00;0,01;0,07;0,00;0,20;0,09;0,04;0,20;0,01;2,48;0,17;0,03
01/08/2018;112,74;0,08;0,05;0,05;0,66;0,08;0,29;0,03;0,15;0,08;0,23;0,32;0,08;0,18;0,09;0,26;0,75;0,11;0,09;0,05;0,03;0,09;0,05;0,02;0,32;0,02;0,08;0,35;0,00;2,67;0,11;0,05
01/09/2018;75,05;0,06;0,03;0,00;0,57;0,00;0,18;0,03;0,12;0,04;0,01;0,32;0,00;0,12;0,07;0,16;0,53;0,07;0,03;0,06;0,00;0,03;0,03;0,00;0,18;0,00;0,01;0,38;0,10;1,87;0,03;0,00
01/10/2018;92,02;0,13;0,03;0,03;0,71;0,03;0,39;0,01;0,20;0,01;0,04;0,53;0,06;0,14;0,06;0,17;0,30;0,24;0,03;0,03;0,01;0,07;0,04;0,00;0,60;0,06;0,01;0,60;0,06;2,15;0,03;0,00
01/11/2018;80,41;0,07;0,07;0,01;0,55;0,03;0,23;0,04;0,13;0,04;0,06;0,25;0,01;0,19;0,07;0,17;0,44;0,19;0,01;0,01;0,01;0,04;0,07;0,00;0,67;0,06;0,00;0,46;0,03;1,87;0,06;0,00
01/12/2018;90,61;0,17;0,03;0,02;0,54;0,03;0,22;0,05;0,11;0,02;0,05;0,39;0,02;0,03;0,08;0,05;0,37;0,22;0,02;0,05;0,03;0,02;0,05;0,00;0,48;0,14;0,00;0,56;0,03;2,30;0,05;0,02
01/01/2019;87,42;0,13;0,21;0,03;0,87;0,15;0,28;0,01;0,16;0,07;0,04;0,46;0,03;0,06;0,04;0,13;0,49;0,24;0,01;0,07;0,09;0,06;0,09;0,00;0,22;0,03;0,03;0,37;0,03;2,37;0,18;0,06
01/02/2019;96,80;0,15;0,23;0,03;1,00;0,39;0,34;0,07;0,10;0,13;0,03;0,57;0,00;0,28;0,07;0,20;0,65;0,34;0,02;0,07;0,08;0,05;0,20;0,03;0,38;0,10;0,05;0,26;0,02;2,72;0,38;0,03
01/03/2019;82,33;0,10;0,12;0,07;0,58;0,19;0,13;0,03;0,04;0,10;0,00;0,39;0,00;0,32;0,12;0,09;0,46;0,06;0,04;0,07;0,03;0,09;0,06;0,04;0,25;0,03;0,01;0,25;0,01;2,30;0,35;0,03
01/04/2019;79,25;0,05;0,06;0,03;0,41;0,11;0,17;0,02;0,31;0,09;0,03;0,48;0,08;0,37;0,09;0,28;0,46;0,23;0,02;0,00;0,06;0,06;0,05;0,00;0,40;0,08;0,02;0,26;0,09;2,17;0,20;0,06
01/05/2019;106,47;0,19;0,04;0,01;0,84;0,10;0,36;0,00;0,18;0,16;0,15;0,51;0,15;0,31;0,15;0,40;0,70;0,13;0,10;0,15;0,07;0,07;0,07;0,01;0,54;0,07;0,07;0,22;0,01;2,75;0,28;0,06
01/06/2019;106,59;0,12;0,02;0,03;0,95;0,00;0,51;0,00;0,12;0,05;0,02;0,60;0,00;0,20;0,09;0,69;0,68;0,38;0,00;0,05;0,02;0,02;0,00;0,00;0,77;0,08;0,00;0,32;0,05;2,63;0,15;0,02
01/07/2019;93,52;0,16;0,02;0,00;0,66;0,05;0,46;0,00;0,19;0,11;0,03;0,57;0,03;0,27;0,14;0,41;0,54;0,11;0,02;0,05;0,00;0,03;0,05;0,02;0,57;0,03;0,02;0,39;0,03;2,54;0,27;0,02
01/08/2019;103,40;0,17;0,26;0,03;1,14;0,05;0,52;0,02;0,18;0,11;0,08;0,75;0,02;0,52;0,18;0,60;0,68;0,28;0,00;0,06;0,02;0,09;0,09;0,08;0,25;0,09;0,08;0,28;0,12;3,38;0,09;0,06
01/09/2019;90,37;0,04;0,03;0,01;0,50;0,06;0,32;0,01;0,15;0,04;0,00;0,51;0,00;0,20;0,06;0,25;0,38;0,12;0,04;0,09;0,00;0,01;0,04;0,00;0,77;0,04;0,00;0,31;0,03;2,41;0,19;0,03
01/10/2019;97,84;0,13;0,01;0,00;0,52;0,01;0,29;0,01;0,03;0,09;0,01;0,60;0,03;0,20;0,06;0,22;0,32;0,10;0,01;0,03;0,10;0,07;0,04;0,01;0,29;0,10;0,00;1,19;0,04;2,60;0,10;0,03
01/11/2019;73,08;0,08;0,14;0,12;0,44;0,02;0,25;0,11;0,12;0,06;0,00;0,44;0,00;0,08;0,05;0,17;0,25;0,26;0,00;0,09;0,05;0,06;0,03;0,00;0,23;0,12;0,02;0,38;0,08;2,33;0,12;0,00
01/12/2019;74,28;0,02;0,06;0,00;0,56;0,03;0,24;0,00;0,10;0,02;0,03;0,40;0,00;0,11;0,05;0,17;0,35;0,11;0,08;0,06;0,02;0,03;0,02;0,02;0,27;0,06;0,08;0,24;0,05;1,83;0,16;0,00
01/01/2020;138,42;0,19;0,02;0,05;0,90;0,09;0,75;0,02;0,19;0,06;0,00;1,02;0,03;0,19;0,25;0,25;0,53;0,14;0,08;0,17;0,05;0,03;0,05;0,00;0,88;0,05;0,09;0,52;0,05;3,77;0,19;0,00
01/02/2020;75,96;0,08;0,02;0,02;1,04;0,03;0,44;0,02;0,20;0,13;0,02;0,48;0,03;0,23;0,30;0,43;0,30;0,05;0,08;0,10;0,02;0,10;0,08;0,00;0,23;0,05;0,08;0,41;0,08;2,27;0,08;0,02
01/03/2020;81,54;0,08;0,03;0,02;0,93;0,05;0,38;0,02;0,15;0,27;0,03;0,33;0,02;0,17;0,51;0,32;0,39;0,18;0,02;0,08;0,03;0,08;0,05;0,02;0,11;0,05;0,05;0,21;0,05;2,85;0,15;0,05
01/04/2020;69,34;0,03;0,18;0,00;0,92;0,06;0,17;0,08;0,09;0,23;0,03;0,36;0,06;0,20;0,23;0,18;0,18;0,09;0,03;0,02;0,05;0,03;0,08;0,00;0,17;0,03;0,02;0,12;0,06;2,41;0,09;0,00
01/05/2020;68,51;0,09;0,04;0,01;1,08;0,07;0,36;0,00;0,09;0,13;0,03;0,27;0,00;0,27;0,07;0,09;0,27;0,16;0,06;0,04;0,01;0,01;0,04;0,01;0,10;0,03;0,07;0,13;0,25;2,70;0,13;0,03
01/06/2020;71,23;0,06;0,08;0,00;0,69;0,00;0,20;0,00;0,05;0,06;0,02;0,31;0,03;0,34;0,06;0,11;0,26;0,11;0,06;0,08;0,03;0,08;0,06;0,05;0,09;0,03;0,00;0,14;0,08;2,34;0,14;0,00
01/07/2020;66,47;0,04;0,06;0,03;0,89;0,04;0,22;0,01;0,07;0,04;0,01;0,34;0,07;0,24;0,13;0,19;0,30;0,09;0,04;0,01;0,07;0,07;0,03;0,00;0,13;0,03;0,01;0,06;0,10;2,22;0,06;0,01
01/08/2020;65,47;0,07;0,07;0,00;0,56;0,04;0,43;0,00;0,11;0,10;0,04;0,47;0,03;0,16;0,09;0,24;0,19;0,17;0,04;0,03;0,01;0,03;0,09;0,00;0,21;0,03;0,03;0,13;0,01;1,99;0,01;0,04
01/09/2020;80,38;0,16;0,04;0,00;0,69;0,01;0,52;0,01;0,12;0,07;0,01;0,70;0,03;0,10;0,15;0,19;0,21;0,12;0,03;0,12;0,03;0,03;0,01;0,03;0,15;0,09;0,03;0,28;0,09;2,15;0,01;0,03
01/10/2020;76,08;0,04;0,04;0,00;0,27;0,01;0,27;0,03;0,10;0,04;0,06;0,39;0,00;0,11;0,10;0,07;0,11;0,07;0,01;0,03;0,00;0,01;0,03;0,00;0,11;0,01;0,01;0,32;0,03;1,96;0,03;0,00
01/11/2020;70,07;0,09;0,04;0,00;0,40;0,00;0,19;0,04;0,13;0,09;0,04;0,40;0,00;0,18;0,06;0,09;0,16;0,16;0,01;0,03;0,03;0,04;0,06;0,01;0,07;0,00;0,01;0,16;0,07;1,82;0,06;0,10
01/12/2020;64,07;0,19;0,08;0,02;0,48;0,03;0,46;0,05;0,11;0,15;0,00;0,63;0,00;0,19;0,17;0,08;0,23;0,03;0,02;0,06;0,05;0,05;0,06;0,03;0,26;0,05;0,00;0,23;0,03;2,03;0,02;0,06
01/01/2021;77,42;0,04;0,09;0,00;0,52;0,03;0,26;0,01;0,14;0,01;0,00;0,40;0,03;0,10;0,06;0,14;0,27;0,10;0,00;0,01;0,00;0,04;0,04;0,00;0,29;0,00;0,00;0,14;0,10;2,22;0,01;0,00
01/02/2021;73,96;0,18;0,02;0,00;0,55;0,00;0,39;0,02;0,07;0,07;0,05;0,46;0,03;0,08;0,11;0,13;0,21;0,11;0,02;0,03;0,00;0,02;0,08;0,02;0,20;0,03;0,05;0,13;0,05;1,87;0,05;0,05
01/03/2021;78,62;0,10;0,03;0,00;0,76;0,06;0,27;0,04;0,06;0,06;0,01;0,42;0,00;0,24;0,13;0,22;0,22;0,10;0,00;0,04;0,00;0,01;0,04;0,00;0,22;0,09;0,04;0,22;0,09;1,94;0,01;0,07
01/04/2021;88,17;0,14;0,05;0,02;0,58;0,00;0,52;0,03;0,02;0,05;0,00;0,68;0,03;0,12;0,09;0,08;0,20;0,06;0,06;0,02;0,02;0,09;0,03;0,05;0,06;0,02;0,05;0,29;0,09;2,13;0,09;0,09
01/05/2021;93,01;0,13;0,12;0,00;0,45;0,04;0,28;0,07;0,52;0,00;0,06;0,47;0,01;0,24;0,06;0,09;0,21;0,06;0,01;0,01;0,00;0,03;0,12;0,04;0,19;0,04;0,07;0,16;0,04;2,52;0,07;0,04
01/06/2021;74,13;0,24;0,05;0,00;0,55;0,02;0,41;0,00;0,11;0,06;0,05;0,41;0,02;0,09;0,14;0,08;0,22;0,05;0,02;0,03;0,06;0,05;0,05;0,00;0,14;0,00;0,06;0,27;0,05;2,13;0,03;0,00
01/07/2021;58,42;0,05;0,03;0,00;0,46;0,05;0,12;0,03;0,06;0,05;0,00;0,26;0,00;0,15;0,08;0,08;0,15;0,11;0,02;0,00;0,03;0,02;0,03;0,00;0,08;0,03;0,03;0,25;0,05;1,68;0,08;0,05
01/08/2021;89,49;0,08;0,06;0,00;0,49;0,02;0,34;0,03;0,03;0,02;0,00;0,41;0,03;0,08;0,11;0,05;0,19;0,06;0,00;0,03;0,03;0,02;0,06;0,00;0,03;0,08;0,00;0,33;0,03;2,13;0,19;0,03
01/09/2021;80,70;0,11;0,09;0,03;0,68;0,00;0,33;0,00;0,05;0,08;0,02;0,59;0,05;0,30;0,08;0,33;0,33;0,11;0,05;0,02;0,00;0,00;0,06;0,00;0,08;0,00;0,02;0,12;0,19;2,33;0,12;0,03
01/10/2021;79,03;0,10;0,03;0,00;0,58;0,04;0,22;0,04;0,09;0,04;0,04;0,31;0,01;0,22;0,13;0,16;0,27;0,16;0,00;0,04;0,04;0,03;0,03;0,00;0,07;0,01;0,03;0,15;0,13;1,93;0,04;0,01
01/11/2021;86,57;0,19;0,02;0,03;0,50;0,03;0,49;0,03;0,11;0,03;0,03;0,31;0,02;0,06;0,11;0,08;0,11;0,13;0,03;0,08;0,05;0,03;0,41;0,00;0,13;0,03;0,05;0,34;0,08;1,90;0,03;0,06
01/12/2021;105,35;0,19;0,02;0,00;0,63;0,03;0,55;0,08;0,03;0,10;0,03;0,64;0,05;0,13;0,19;0,26;0,14;0,08;0,03;0,21;0,00;0,05;0,24;0,00;0,06;0,24;0,03;0,13;0,14;2,50;0,02;0,10
01/01/2022;138,67;0,55;0,03;0,00;0,59;0,00;0,90;0,06;0,11;0,11;0,13;0,85;0,03;0,21;0,16;0,16;0,37;0,10;0,02;0,11;0,00;0,03;0,47;0,00;0,18;0,13;0,02;0,21;0,08;3,07;0,06;0,03
01/02/2022;216,16;0,53;0,13;0,03;1,25;0,03;1,77;0,05;0,08;0,07;0,20;1,41;0,02;0,16;0,48;0,62;0,43;0,03;0,03;0,20;0,03;0,02;0,82;0,02;0,28;0,15;0,02;0,33;0,16;4,33;0,08;0,02
01/03/2022;318,95;0,65;0,05;0,00;1,83;0,05;1,72;0,05;0,24;0,15;0,20;1,40;0,06;0,41;0,51;0,45;0,53;0,18;0,00;0,24;0,11;0,02;1,71;0,02;0,42;0,15;0,03;0,88;0,24;6,01;0,06;0,03
01/04/2022;191,14;0,64;0,18;0,05;1,08;0,03;1,44;0,03;0,14;0,26;0,14;0,88;0,08;0,35;0,30;0,27;0,37;0,18;0,03;0,26;0,13;0,02;1,12;0,06;0,21;0,19;0,00;0,48;0,18;4,53;0,16;0,05
01/05/2022;142,26;0,31;0,07;0,00;1,02;0,01;1,07;0,12;0,09;0,12;0,52;0,80;0,07;0,30;0,45;0,61;0,61;0,15;0,03;0,01;0,00;0,06;0,61;0,01;0,12;0,52;0,06;0,45;0,34;3,56;0,12;0,03
01/06/2022;130,71;0,42;0,11;0,02;0,99;0,05;1,13;0,00;0,31;0,43;0,51;1,05;0,03;0,51;0,60;0,51;0,57;0,06;0,03;0,15;0,15;0,03;0,52;0,00;0,28;0,49;0,03;0,74;0,23;3,56;0,11;0,09
01/07/2022;117,18;0,36;0,17;0,02;0,83;0,00;0,81;0,06;0,22;0,28;0,25;0,55;0,17;0,36;0,27;0,23;0,25;0,03;0,03;0,19;0,31;0,00;0,44;0,03;0,58;0,19;0,06;0,70;0,28;3,48;0,09;0,06
01/08/2022;132,86;0,10;0,11;0,02;1,36;0,05;0,49;0,10;0,30;0,03;0,19;0,69;0,08;0,33;0,03;0,75;0,33;0,16;0,06;0,14;0,08;0,13;0,19;0,00;0,14;0,10;0,05;0,40;0,80;4,29;0,02;0,05
01/09/2022;131,99;0,36;0,05;0,08;1,26;0,08;0,95;0,19;0,08;0,06;0,12;0,81;0,06;0,51;0,22;0,36;0,61;0,12;0,03;0,17;0,09;0,05;0,54;0,05;0,08;0,26;0,03;0,58;0,39;4,03;0,06;0,03
01/10/2022;143,16;0,50;0,08;0,03;1,35;0,11;1,09;0,06;0,05;0,12;0,17;1,08;0,08;0,49;0,58;0,53;0,55;0,15;0,02;0,20;0,09;0,03;0,53;0,02;0,58;0,29;0,02;0,44;0,33;4,64;0,09;0,08
01/11/2022;116,72;0,28;0,22;0,03;1,14;0,00;0,86;0,09;0,31;0,11;0,15;0,82;0,42;0,43;0,25;0,31;0,49;0,08;0,00;0,15;0,06;0,03;0,51;0,02;0,26;0,15;0,05;0,52;0,35;3,61;0,11;0,06
01/12/2022;111,20;0,17;0,07;0,00;0,75;0,07;0,53;0,07;0,05;0,20;0,08;0,53;0,18;0,27;0,15;0,20;0,22;0,13;0,00;0,05;0,12;0,02;0,40;0,02;0,15;0,08;0,03;0,37;0,27;3,43;0,03;0,02
01/01/2023;104,27;0,22;0,18;0,07;0,55;0,05;0,95;0,10;0,08;0,18;0,30;0,57;0,07;0,23;0,22;0,22;0,32;0,12;0,00;0,28;0,13;0,02;0,65;0,08;0,07;0,20;0,02;0,35;0,13;2,93;0,07;0,02
01/02/2023;120,99;0,25;0,05;0,04;1,46;0,00;0,82;0,11;0,18;0,09;0,16;0,80;0,14;0,30;0,25;0,39;0,50;0,14;0,04;0,11;0,02;0,27;0,36;0,02;0,12;0,09;0,02;0,62;0,34;3,62;0,16;0,11
01/03/2023;105,38;0,22;0,07;0,00;1,43;0,02;0,90;0,03;0,03;0,08;0,12;0,58;0,08;0,43;0,27;0,33;0,52;0,10;0,02;0,07;0,05;0,13;0,35;0,02;0,42;0,15;0,00;0,28;0,42;3,43;0,02;0,12
01/04/2023;106,81;0,24;0,24;0,04;1,12;0,05;0,67;0,02;0,45;0,09;0,13;0,74;0,04;0,29;0,13;0,34;0,49;0,09;0,02;0,16;0,25;0,05;0,31;0,02;0,45;0,15;0,00;0,40;0,42;3,17;0,09;0,05
01/05/2023;108,47;0,16;0,27;0,00;0,90;0,07;0,61;0,05;0,32;0,07;0,13;0,57;0,11;0,23;0,34;0,38;0,34;0,07;0,02;0,05;0,14;0,05;0,13;0,00;0,36;0,13;0,00;0,56;0,23;3,13;0,13;0,18
01/06/2023;110,53;0,32;0,07;0,02;1,09;0,02;0,96;0,13;0,15;0,15;0,11;0,63;0,06;0,24;0,19;0,19;0,45;0,04;0,04;0,13;0,32;0,02;0,13;0,02;0,33;0,20;0,02;0,20;0,41;3,60;0,11;0,19
01/07/2023;107,45;0,19;0,07;0,00;1,23;0,02;0,95;0,07;0,11;0,15;0,28;0,65;0,07;0,19;0,22;0,30;0,60;0,11;0,02;0,24;0,20;0,06;0,45;0,04;0,07;0,43;0,04;0,60;0,48;3,39;0,13;0,11
01/08/2023;101,14;0,09;0,13;0,02;0,81;0,06;0,37;0,09;0,11;0,09;0,04;0,57;0,07;0,28;0,17;0,17;0,33;0,13;0,00;0,24;0,09;0,07;0,13;0,04;0,33;0,11;0,00;0,29;0,18;2,64;0,06;0,17
01/09/2023;98,63;0,07;0,11;0,00;0,78;0,02;0,52;0,04;0,26;0,17;0,00;0,61;0,07;0,37;0,19;0,22;0,41;0,09;0,11;0,06;0,04;0,11;0,09;0,00;0,22;0,15;0,06;0,48;0,19;2,51;0,07;0,11
01/10/2023;197,89;0,23;0,09;0,02;0,98;0,05;0,48;0,05;1,51;0,12;0,04;0,64;0,14;0,27;0,14;0,20;0,32;0,23;0,04;0,07;0,09;0,07;0,14;0,04;0,83;0,18;0,02;0,41;0,32;4,97;0,04;0,02
01/11/2023;156,70;0,13;0,02;0,00;0,82;0,04;0,27;0,08;1,48;0,12;0,06;0,84;0,31;0,36;0,10;0,29;0,35;0,04;0,06;0,12;0,02;0,19;0,12;0,00;0,38;0,02;0,25;0,21;0,33;5,00;0,23;0,00
01/12/2023;142,28;0,17;0,04;0,00;0,76;0,04;0,32;0,06;0,90;0,17;0,04;0,95;0,10;0,25;0,23;0,15;0,27;0,21;0,04;0,13;0,08;0,08;0,29;0,04;0,40;0,13;0,04;0,21;0,19;4,48;0,08;0,08
01/01/2024;160,16;0,13;0,03;0,00;0,80;0,10;0,40;0,07;1,00;0,07;0,05;0,73;0,03;0,23;0,13;0,32;0,40;0,25;0,03;0,22;0,07;0,00;0,13;0,08;0,47;0,02;0,02;0,32;0,32;4,29;0,13;0,17
01/02/2024;146,50;0,15;0,14;0,03;0,67;0,03;0,55;0,03;0,81;0,14;0,15;0,72;0,03;0,28;0,09;0,12;0,15;0,15;0,02;0,09;0,07;0,00;0,12;0,00;0,31;0,12;0,09;0,28;0,21;3,87;0,02;0,15
01/03/2024;133,02;0,21;0,08;0,03;0,77;0,05;0,49;0,05;0,71;0,11;0,08;0,73;0,06;0,21;0,21;0,17;0,25;0,16;0,05;0,02;0,03;0,06;0,24;0,00;0,16;0,03;0,00;0,30;0,19;3,44;0,03;0,11
01/04/2024;163,74;0,12;0,08;0,00;0,67;0,08;0,63;0,05;0,45;0,12;0,03;0,80;0,10;0,18;0,17;0,27;0,32;0,15;0,02;0,13;0,07;0,10;0,22;0,03;0,32;0,15;0,05;0,27;0,30;3,99;0,07;0,15
01/05/2024;130,41;0,18;0,03;0,02;0,86;0,07;0,56;0,03;0,86;0,20;0,05;0,83;0,03;0,13;0,25;0,15;0,18;0,10;0,02;0,13;0,02;0,03;0,18;0,02;0,33;0,08;0,02;0,21;0,25;3,82;0,10;0,20
01/06/2024;112,88;0,20;0,03;0,02;0,69;0,08;0,27;0,02;0,48;0,17;0,00;0,70;0,03;0,10;0,33;0,20;0,33;0,08;0,02;0,15;0,05;0,12;0,20;0,02;0,10;0,03;0,02;0,22;0,25;3,13;0,12;0,12
01/07/2024;92,39;0,12;0,03;0,00;0,49;0,07;0,32;0,03;0,36;0,14;0,02;0,54;0,03;0,22;0,17;0,15;0,22;0,05;0,03;0,07;0,02;0,07;0,05;0,07;0,19;0,05;0,02;0,25;0,10;2,54;0,14;0,12
01/08/2024;140,64;0,03;0,18;0,02;0,59;0,13;0,31;0,07;0,92;0,03;0,12;0,71;0,07;0,25;0,15;0,08;0,25;0,12;0,03;0,02;0,03;0,10;0,10;0,00;0,23;0,00;0,05;0,16;0,20;3,74;0,03;0,03
01/09/2024;130,07;0,13;0,15;0,05;0,73;0,07;0,45;0,02;0,38;0,08;0,12;0,77;0,02;0,18;0,10;0,17;0,38;0,15;0,00;0,03;0,00;0,12;0,15;0,03;0,12;0,03;0,03;0,30;0,20;3,40;0,05;0,03
01/10/2024;130,83;0,24;0,05;0,00;0,73;0,00;0,54;0,07;0,21;0,02;0,18;0,65;0,11;0,08;0,20;0,26;0,42;0,08;0,00;0,08;0,02;0,10;0,21;0,00;0,29;0,15;0,02;0,29;0,39;3,25;0,05;0,07
01/11/2024;128,32;0,21;0,25;0,03;0,82;0,05;0,54;0,05;0,26;0,07;0,10;0,58;0,02;0,12;0,26;0,16;0,87;0,10;0,00;0,07;0,15;0,05;0,13;0,00;0,20;0,08;0,02;0,30;0,20;3,34;0,08;0,08
01/12/2024;141,33;0,10;0,10;0,00;0,80;0,07;0,42;0,03;0,24;0,03;0,07;0,71;0,05;0,21;0,17;0,16;0,45;0,14;0,03;0,09;0,09;0,03;0,10;0,02;0,31;0,03;0,02;1,18;0,19;4,06;0,05;0,12
01/01/2025;112,41;0,17;0,18;0,02;0,72;0,23;0,47;0,17;0,44;0,10;0,12;0,75;0,05;0,28;0,18;0,25;0,40;0,44;0,00;0,10;0,05;0,07;0,17;0,00;0,32;0,02;0,03;0,20;0,22;3,37;0,00;0,07
01/02/2025;136,00;0,25;0,02;0,00;0,75;0,12;0,82;0,07;0,43;0,11;0,18;0,75;0,05;0,20;0,09;0,20;0,27;0,27;0,00;0,04;0,00;0,02;0,28;0,02;0,75;0,11;0,05;0,28;0,12;3,19;0,02;0,00
01/03/2025;165,00;0,29;0,06;0,00;0,87;0,00;0,75;0,06;0,44;0,10;0,08;0,94;0,03;0,19;0,21;0,16;0,51;0,22;0,05;0,06;0,06;0,02;0,29;0,06;0,81;0,11;0,08;0,24;0,16;3,98;0,06;0,03
